Delivery Date,Delivery Hour,Settlement Point,Settlement Point Price
01/01/2022,1,HB_HOUSTON,33.2
01/01/2022,1,HB_NORTH,33.41
01/01/2022,1,HB_SOUTH,30.17
01/01/2022,1,HB_WEST,33.97
01/01/2022,2,HB_HOUSTON,25.65
01/01/2022,2,HB_NORTH,25.22
01/01/2022,2,HB_SOUTH,22.08
01/01/2022,2,HB_WEST,25.52
01/01/2022,3,HB_HOUSTON,23.01
01/01/2022,3,HB_NORTH,22.91
01/01/2022,3,HB_SOUTH,19.97
01/01/2022,3,HB_WEST,22.91
01/01/2022,4,HB_HOUSTON,18.56
01/01/2022,4,HB_NORTH,18.41
01/01/2022,4,HB_SOUTH,15.9
01/01/2022,4,HB_WEST,16.13
01/01/2022,5,HB_HOUSTON,12.74
01/01/2022,5,HB_NORTH,12.19
01/01/2022,5,HB_SOUTH,10
01/01/2022,5,HB_WEST,8.13
01/01/2022,6,HB_HOUSTON,15.62
01/01/2022,6,HB_NORTH,14.92
01/01/2022,6,HB_SOUTH,12.93
01/01/2022,6,HB_WEST,9.66
01/01/2022,7,HB_HOUSTON,17.11
01/01/2022,7,HB_NORTH,16
01/01/2022,7,HB_SOUTH,13.76
01/01/2022,7,HB_WEST,5.3
01/01/2022,8,HB_HOUSTON,18.78
01/01/2022,8,HB_NORTH,17
01/01/2022,8,HB_SOUTH,14.88
01/01/2022,8,HB_WEST,5.08
01/01/2022,9,HB_HOUSTON,19.87
01/01/2022,9,HB_NORTH,17.39
01/01/2022,9,HB_SOUTH,15.74
01/01/2022,9,HB_WEST,3.12
01/01/2022,10,HB_HOUSTON,21.38
01/01/2022,10,HB_NORTH,18.63
01/01/2022,10,HB_SOUTH,16.83
01/01/2022,10,HB_WEST,0.75
01/01/2022,11,HB_HOUSTON,24.05
01/01/2022,11,HB_NORTH,20.86
01/01/2022,11,HB_SOUTH,19.87
01/01/2022,11,HB_WEST,-0.28
01/01/2022,12,HB_HOUSTON,27.21
01/01/2022,12,HB_NORTH,24.44
01/01/2022,12,HB_SOUTH,24.03
01/01/2022,12,HB_WEST,0.24
01/01/2022,13,HB_HOUSTON,28.3
01/01/2022,13,HB_NORTH,25.02
01/01/2022,13,HB_SOUTH,26.02
01/01/2022,13,HB_WEST,-0.28
01/01/2022,14,HB_HOUSTON,29.71
01/01/2022,14,HB_NORTH,25.88
01/01/2022,14,HB_SOUTH,27.94
01/01/2022,14,HB_WEST,-0.28
01/01/2022,15,HB_HOUSTON,29.94
01/01/2022,15,HB_NORTH,25.28
01/01/2022,15,HB_SOUTH,29.42
01/01/2022,15,HB_WEST,-0.29
01/01/2022,16,HB_HOUSTON,28.37
01/01/2022,16,HB_NORTH,23.59
01/01/2022,16,HB_SOUTH,28.08
01/01/2022,16,HB_WEST,-0.2
01/01/2022,17,HB_HOUSTON,33
01/01/2022,17,HB_NORTH,29
01/01/2022,17,HB_SOUTH,32.78
01/01/2022,17,HB_WEST,11.61
01/01/2022,18,HB_HOUSTON,43.67
01/01/2022,18,HB_NORTH,41.49
01/01/2022,18,HB_SOUTH,43.72
01/01/2022,18,HB_WEST,30.33
01/01/2022,19,HB_HOUSTON,30.21
01/01/2022,19,HB_NORTH,29.11
01/01/2022,19,HB_SOUTH,28.79
01/01/2022,19,HB_WEST,21.38
01/01/2022,20,HB_HOUSTON,27.31
01/01/2022,20,HB_NORTH,26.11
01/01/2022,20,HB_SOUTH,25.55
01/01/2022,20,HB_WEST,17.16
01/01/2022,21,HB_HOUSTON,24.8
01/01/2022,21,HB_NORTH,23.36
01/01/2022,21,HB_SOUTH,22.79
01/01/2022,21,HB_WEST,13.5
01/01/2022,22,HB_HOUSTON,25.04
01/01/2022,22,HB_NORTH,23.29
01/01/2022,22,HB_SOUTH,22.47
01/01/2022,22,HB_WEST,11.16
01/01/2022,23,HB_HOUSTON,25.65
01/01/2022,23,HB_NORTH,24.38
01/01/2022,23,HB_SOUTH,23.8
01/01/2022,23,HB_WEST,15.81
01/01/2022,24,HB_HOUSTON,25.18
01/01/2022,24,HB_NORTH,23.79
01/01/2022,24,HB_SOUTH,23.15
01/01/2022,24,HB_WEST,15.81
01/02/2022,1,HB_HOUSTON,27.1
01/02/2022,1,HB_NORTH,26.63
01/02/2022,1,HB_SOUTH,26.43
01/02/2022,1,HB_WEST,23.46
01/02/2022,2,HB_HOUSTON,25.22
01/02/2022,2,HB_NORTH,24.79
01/02/2022,2,HB_SOUTH,24.59
01/02/2022,2,HB_WEST,21.96
01/02/2022,3,HB_HOUSTON,24.16
01/02/2022,3,HB_NORTH,23.85
01/02/2022,3,HB_SOUTH,23.67
01/02/2022,3,HB_WEST,21.93
01/02/2022,4,HB_HOUSTON,22.67
01/02/2022,4,HB_NORTH,22.81
01/02/2022,4,HB_SOUTH,21.37
01/02/2022,4,HB_WEST,20.51
01/02/2022,5,HB_HOUSTON,23.24
01/02/2022,5,HB_NORTH,23.59
01/02/2022,5,HB_SOUTH,20.29
01/02/2022,5,HB_WEST,20.43
01/02/2022,6,HB_HOUSTON,25.33
01/02/2022,6,HB_NORTH,25.76
01/02/2022,6,HB_SOUTH,22.24
01/02/2022,6,HB_WEST,23.43
01/02/2022,7,HB_HOUSTON,29.83
01/02/2022,7,HB_NORTH,30.29
01/02/2022,7,HB_SOUTH,25.32
01/02/2022,7,HB_WEST,28.62
01/02/2022,8,HB_HOUSTON,37.26
01/02/2022,8,HB_NORTH,38.11
01/02/2022,8,HB_SOUTH,30.75
01/02/2022,8,HB_WEST,36
01/02/2022,9,HB_HOUSTON,43.09
01/02/2022,9,HB_NORTH,46.77
01/02/2022,9,HB_SOUTH,36.24
01/02/2022,9,HB_WEST,45.88
01/02/2022,10,HB_HOUSTON,36.6
01/02/2022,10,HB_NORTH,37.65
01/02/2022,10,HB_SOUTH,30.71
01/02/2022,10,HB_WEST,37.36
01/02/2022,11,HB_HOUSTON,34.77
01/02/2022,11,HB_NORTH,35.47
01/02/2022,11,HB_SOUTH,29.54
01/02/2022,11,HB_WEST,35.61
01/02/2022,12,HB_HOUSTON,32.75
01/02/2022,12,HB_NORTH,35
01/02/2022,12,HB_SOUTH,28.66
01/02/2022,12,HB_WEST,34.71
01/02/2022,13,HB_HOUSTON,29.58
01/02/2022,13,HB_NORTH,31.33
01/02/2022,13,HB_SOUTH,26.78
01/02/2022,13,HB_WEST,31.15
01/02/2022,14,HB_HOUSTON,26.65
01/02/2022,14,HB_NORTH,27.45
01/02/2022,14,HB_SOUTH,24.02
01/02/2022,14,HB_WEST,27.59
01/02/2022,15,HB_HOUSTON,25.68
01/02/2022,15,HB_NORTH,26.33
01/02/2022,15,HB_SOUTH,23.46
01/02/2022,15,HB_WEST,26.51
01/02/2022,16,HB_HOUSTON,25.22
01/02/2022,16,HB_NORTH,25.84
01/02/2022,16,HB_SOUTH,23.13
01/02/2022,16,HB_WEST,26.01
01/02/2022,17,HB_HOUSTON,30.4
01/02/2022,17,HB_NORTH,31.4
01/02/2022,17,HB_SOUTH,27.69
01/02/2022,17,HB_WEST,31.41
01/02/2022,18,HB_HOUSTON,78.12
01/02/2022,18,HB_NORTH,84.63
01/02/2022,18,HB_SOUTH,74.78
01/02/2022,18,HB_WEST,83.02
01/02/2022,19,HB_HOUSTON,91.17
01/02/2022,19,HB_NORTH,98.07
01/02/2022,19,HB_SOUTH,89.05
01/02/2022,19,HB_WEST,96.35
01/02/2022,20,HB_HOUSTON,70.67
01/02/2022,20,HB_NORTH,72.65
01/02/2022,20,HB_SOUTH,69.43
01/02/2022,20,HB_WEST,72.53
01/02/2022,21,HB_HOUSTON,61.36
01/02/2022,21,HB_NORTH,62.24
01/02/2022,21,HB_SOUTH,61.11
01/02/2022,21,HB_WEST,62.53
01/02/2022,22,HB_HOUSTON,48.02
01/02/2022,22,HB_NORTH,48.31
01/02/2022,22,HB_SOUTH,47.82
01/02/2022,22,HB_WEST,48.49
01/02/2022,23,HB_HOUSTON,39.24
01/02/2022,23,HB_NORTH,39.26
01/02/2022,23,HB_SOUTH,38.94
01/02/2022,23,HB_WEST,39.36
01/02/2022,24,HB_HOUSTON,36.78
01/02/2022,24,HB_NORTH,36.75
01/02/2022,24,HB_SOUTH,36.72
01/02/2022,24,HB_WEST,36.86
01/03/2022,1,HB_HOUSTON,30.84
01/03/2022,1,HB_NORTH,31.01
01/03/2022,1,HB_SOUTH,31.04
01/03/2022,1,HB_WEST,31.12
01/03/2022,2,HB_HOUSTON,30.36
01/03/2022,2,HB_NORTH,30.45
01/03/2022,2,HB_SOUTH,30.52
01/03/2022,2,HB_WEST,30.54
01/03/2022,3,HB_HOUSTON,29.95
01/03/2022,3,HB_NORTH,30.03
01/03/2022,3,HB_SOUTH,30.09
01/03/2022,3,HB_WEST,30.12
01/03/2022,4,HB_HOUSTON,29.6
01/03/2022,4,HB_NORTH,29.65
01/03/2022,4,HB_SOUTH,29.73
01/03/2022,4,HB_WEST,29.73
01/03/2022,5,HB_HOUSTON,30.5
01/03/2022,5,HB_NORTH,31.03
01/03/2022,5,HB_SOUTH,30.85
01/03/2022,5,HB_WEST,31.16
01/03/2022,6,HB_HOUSTON,38.01
01/03/2022,6,HB_NORTH,40.43
01/03/2022,6,HB_SOUTH,38.84
01/03/2022,6,HB_WEST,39.82
01/03/2022,7,HB_HOUSTON,91.4
01/03/2022,7,HB_NORTH,96.58
01/03/2022,7,HB_SOUTH,93.91
01/03/2022,7,HB_WEST,95.4
01/03/2022,8,HB_HOUSTON,99.07
01/03/2022,8,HB_NORTH,101.16
01/03/2022,8,HB_SOUTH,100.01
01/03/2022,8,HB_WEST,100.24
01/03/2022,9,HB_HOUSTON,47.58
01/03/2022,9,HB_NORTH,47.62
01/03/2022,9,HB_SOUTH,46.56
01/03/2022,9,HB_WEST,47.27
01/03/2022,10,HB_HOUSTON,35.27
01/03/2022,10,HB_NORTH,34.68
01/03/2022,10,HB_SOUTH,33.95
01/03/2022,10,HB_WEST,31.1
01/03/2022,11,HB_HOUSTON,29.96
01/03/2022,11,HB_NORTH,29.38
01/03/2022,11,HB_SOUTH,29.01
01/03/2022,11,HB_WEST,27.06
01/03/2022,12,HB_HOUSTON,28.13
01/03/2022,12,HB_NORTH,27.53
01/03/2022,12,HB_SOUTH,27.23
01/03/2022,12,HB_WEST,24.8
01/03/2022,13,HB_HOUSTON,27.08
01/03/2022,13,HB_NORTH,26.67
01/03/2022,13,HB_SOUTH,26.95
01/03/2022,13,HB_WEST,24.99
01/03/2022,14,HB_HOUSTON,25.46
01/03/2022,14,HB_NORTH,25.13
01/03/2022,14,HB_SOUTH,25.76
01/03/2022,14,HB_WEST,23.01
01/03/2022,15,HB_HOUSTON,24.6
01/03/2022,15,HB_NORTH,24.17
01/03/2022,15,HB_SOUTH,25.24
01/03/2022,15,HB_WEST,21.78
01/03/2022,16,HB_HOUSTON,23.54
01/03/2022,16,HB_NORTH,23.2
01/03/2022,16,HB_SOUTH,24.03
01/03/2022,16,HB_WEST,20.79
01/03/2022,17,HB_HOUSTON,26.77
01/03/2022,17,HB_NORTH,26.79
01/03/2022,17,HB_SOUTH,27.4
01/03/2022,17,HB_WEST,24.83
01/03/2022,18,HB_HOUSTON,47.25
01/03/2022,18,HB_NORTH,47.05
01/03/2022,18,HB_SOUTH,47.25
01/03/2022,18,HB_WEST,46.45
01/03/2022,19,HB_HOUSTON,36
01/03/2022,19,HB_NORTH,35.37
01/03/2022,19,HB_SOUTH,35.16
01/03/2022,19,HB_WEST,32.42
01/03/2022,20,HB_HOUSTON,31.6
01/03/2022,20,HB_NORTH,30.99
01/03/2022,20,HB_SOUTH,30.83
01/03/2022,20,HB_WEST,27.32
01/03/2022,21,HB_HOUSTON,32.08
01/03/2022,21,HB_NORTH,30.81
01/03/2022,21,HB_SOUTH,30.37
01/03/2022,21,HB_WEST,20.03
01/03/2022,22,HB_HOUSTON,30.47
01/03/2022,22,HB_NORTH,29.05
01/03/2022,22,HB_SOUTH,28.6
01/03/2022,22,HB_WEST,13.73
01/03/2022,23,HB_HOUSTON,28.49
01/03/2022,23,HB_NORTH,27.02
01/03/2022,23,HB_SOUTH,26.47
01/03/2022,23,HB_WEST,14.34
01/03/2022,24,HB_HOUSTON,25.85
01/03/2022,24,HB_NORTH,24.4
01/03/2022,24,HB_SOUTH,24.1
01/03/2022,24,HB_WEST,13.49
01/04/2022,1,HB_HOUSTON,20.46
01/04/2022,1,HB_NORTH,19.48
01/04/2022,1,HB_SOUTH,18.28
01/04/2022,1,HB_WEST,0.01
01/04/2022,2,HB_HOUSTON,19.12
01/04/2022,2,HB_NORTH,18.15
01/04/2022,2,HB_SOUTH,17.28
01/04/2022,2,HB_WEST,0.08
01/04/2022,3,HB_HOUSTON,19.81
01/04/2022,3,HB_NORTH,19.11
01/04/2022,3,HB_SOUTH,18.34
01/04/2022,3,HB_WEST,0.93
01/04/2022,4,HB_HOUSTON,20.56
01/04/2022,4,HB_NORTH,20.35
01/04/2022,4,HB_SOUTH,19.76
01/04/2022,4,HB_WEST,1.76
01/04/2022,5,HB_HOUSTON,25.06
01/04/2022,5,HB_NORTH,24.91
01/04/2022,5,HB_SOUTH,23.21
01/04/2022,5,HB_WEST,4.02
01/04/2022,6,HB_HOUSTON,26.31
01/04/2022,6,HB_NORTH,25.84
01/04/2022,6,HB_SOUTH,25.87
01/04/2022,6,HB_WEST,10.05
01/04/2022,7,HB_HOUSTON,41.16
01/04/2022,7,HB_NORTH,40.23
01/04/2022,7,HB_SOUTH,40.16
01/04/2022,7,HB_WEST,7.91
01/04/2022,8,HB_HOUSTON,42.04
01/04/2022,8,HB_NORTH,42.89
01/04/2022,8,HB_SOUTH,42.25
01/04/2022,8,HB_WEST,5.5
01/04/2022,9,HB_HOUSTON,36.73
01/04/2022,9,HB_NORTH,35.56
01/04/2022,9,HB_SOUTH,35.39
01/04/2022,9,HB_WEST,0.01
01/04/2022,10,HB_HOUSTON,27.43
01/04/2022,10,HB_NORTH,26.61
01/04/2022,10,HB_SOUTH,28.98
01/04/2022,10,HB_WEST,-0.29
01/04/2022,11,HB_HOUSTON,23.93
01/04/2022,11,HB_NORTH,23.39
01/04/2022,11,HB_SOUTH,24.79
01/04/2022,11,HB_WEST,-0.61
01/04/2022,12,HB_HOUSTON,23.31
01/04/2022,12,HB_NORTH,22.74
01/04/2022,12,HB_SOUTH,22.64
01/04/2022,12,HB_WEST,-0.29
01/04/2022,13,HB_HOUSTON,20.78
01/04/2022,13,HB_NORTH,20.37
01/04/2022,13,HB_SOUTH,20.06
01/04/2022,13,HB_WEST,-0.29
01/04/2022,14,HB_HOUSTON,19.53
01/04/2022,14,HB_NORTH,19.22
01/04/2022,14,HB_SOUTH,18.92
01/04/2022,14,HB_WEST,-0.29
01/04/2022,15,HB_HOUSTON,19.22
01/04/2022,15,HB_NORTH,18.33
01/04/2022,15,HB_SOUTH,17.94
01/04/2022,15,HB_WEST,-0.28
01/04/2022,16,HB_HOUSTON,18.95
01/04/2022,16,HB_NORTH,18.05
01/04/2022,16,HB_SOUTH,17.58
01/04/2022,16,HB_WEST,0.34
01/04/2022,17,HB_HOUSTON,21.55
01/04/2022,17,HB_NORTH,21.57
01/04/2022,17,HB_SOUTH,21.14
01/04/2022,17,HB_WEST,15.12
01/04/2022,18,HB_HOUSTON,44.14
01/04/2022,18,HB_NORTH,43.98
01/04/2022,18,HB_SOUTH,43.69
01/04/2022,18,HB_WEST,43.26
01/04/2022,19,HB_HOUSTON,34.06
01/04/2022,19,HB_NORTH,33.98
01/04/2022,19,HB_SOUTH,33.83
01/04/2022,19,HB_WEST,33.8
01/04/2022,20,HB_HOUSTON,29.23
01/04/2022,20,HB_NORTH,29.14
01/04/2022,20,HB_SOUTH,28.92
01/04/2022,20,HB_WEST,28.91
01/04/2022,21,HB_HOUSTON,26.1
01/04/2022,21,HB_NORTH,26.03
01/04/2022,21,HB_SOUTH,25.66
01/04/2022,21,HB_WEST,25.93
01/04/2022,22,HB_HOUSTON,24.54
01/04/2022,22,HB_NORTH,24.53
01/04/2022,22,HB_SOUTH,24.1
01/04/2022,22,HB_WEST,24.54
01/04/2022,23,HB_HOUSTON,25.81
01/04/2022,23,HB_NORTH,25.84
01/04/2022,23,HB_SOUTH,25
01/04/2022,23,HB_WEST,25.89
01/04/2022,24,HB_HOUSTON,24.29
01/04/2022,24,HB_NORTH,24.38
01/04/2022,24,HB_SOUTH,23.27
01/04/2022,24,HB_WEST,24.44
01/05/2022,1,HB_HOUSTON,22.97
01/05/2022,1,HB_NORTH,23.23
01/05/2022,1,HB_SOUTH,21.09
01/05/2022,1,HB_WEST,23.32
01/05/2022,2,HB_HOUSTON,22.08
01/05/2022,2,HB_NORTH,22.23
01/05/2022,2,HB_SOUTH,20.62
01/05/2022,2,HB_WEST,22.3
01/05/2022,3,HB_HOUSTON,22.18
01/05/2022,3,HB_NORTH,22.29
01/05/2022,3,HB_SOUTH,21.13
01/05/2022,3,HB_WEST,22.34
01/05/2022,4,HB_HOUSTON,22.42
01/05/2022,4,HB_NORTH,22.42
01/05/2022,4,HB_SOUTH,21.91
01/05/2022,4,HB_WEST,22.42
01/05/2022,5,HB_HOUSTON,24.6
01/05/2022,5,HB_NORTH,24.59
01/05/2022,5,HB_SOUTH,24.48
01/05/2022,5,HB_WEST,24.59
01/05/2022,6,HB_HOUSTON,29.25
01/05/2022,6,HB_NORTH,29.25
01/05/2022,6,HB_SOUTH,29.25
01/05/2022,6,HB_WEST,29.08
01/05/2022,7,HB_HOUSTON,32.8
01/05/2022,7,HB_NORTH,32.77
01/05/2022,7,HB_SOUTH,32.77
01/05/2022,7,HB_WEST,32.59
01/05/2022,8,HB_HOUSTON,34.68
01/05/2022,8,HB_NORTH,34.66
01/05/2022,8,HB_SOUTH,34.68
01/05/2022,8,HB_WEST,34.43
01/05/2022,9,HB_HOUSTON,27.61
01/05/2022,9,HB_NORTH,27.59
01/05/2022,9,HB_SOUTH,27.57
01/05/2022,9,HB_WEST,27.57
01/05/2022,10,HB_HOUSTON,23.92
01/05/2022,10,HB_NORTH,23.83
01/05/2022,10,HB_SOUTH,23.91
01/05/2022,10,HB_WEST,23.73
01/05/2022,11,HB_HOUSTON,23.34
01/05/2022,11,HB_NORTH,23.26
01/05/2022,11,HB_SOUTH,23.26
01/05/2022,11,HB_WEST,23.25
01/05/2022,12,HB_HOUSTON,23.62
01/05/2022,12,HB_NORTH,23.55
01/05/2022,12,HB_SOUTH,23.57
01/05/2022,12,HB_WEST,23.55
01/05/2022,13,HB_HOUSTON,23.56
01/05/2022,13,HB_NORTH,23.54
01/05/2022,13,HB_SOUTH,23.61
01/05/2022,13,HB_WEST,23.55
01/05/2022,14,HB_HOUSTON,23.22
01/05/2022,14,HB_NORTH,23.19
01/05/2022,14,HB_SOUTH,23.25
01/05/2022,14,HB_WEST,23.19
01/05/2022,15,HB_HOUSTON,22.89
01/05/2022,15,HB_NORTH,22.86
01/05/2022,15,HB_SOUTH,22.95
01/05/2022,15,HB_WEST,22.87
01/05/2022,16,HB_HOUSTON,22.66
01/05/2022,16,HB_NORTH,22.6
01/05/2022,16,HB_SOUTH,22.69
01/05/2022,16,HB_WEST,22.61
01/05/2022,17,HB_HOUSTON,24.95
01/05/2022,17,HB_NORTH,24.83
01/05/2022,17,HB_SOUTH,24.72
01/05/2022,17,HB_WEST,24.8
01/05/2022,18,HB_HOUSTON,60.12
01/05/2022,18,HB_NORTH,60.02
01/05/2022,18,HB_SOUTH,59.98
01/05/2022,18,HB_WEST,60.08
01/05/2022,19,HB_HOUSTON,47.21
01/05/2022,19,HB_NORTH,47.07
01/05/2022,19,HB_SOUTH,46.99
01/05/2022,19,HB_WEST,47.19
01/05/2022,20,HB_HOUSTON,34.39
01/05/2022,20,HB_NORTH,34.21
01/05/2022,20,HB_SOUTH,34.29
01/05/2022,20,HB_WEST,34.47
01/05/2022,21,HB_HOUSTON,31.17
01/05/2022,21,HB_NORTH,31.01
01/05/2022,21,HB_SOUTH,31.13
01/05/2022,21,HB_WEST,31.26
01/05/2022,22,HB_HOUSTON,25.28
01/05/2022,22,HB_NORTH,25.08
01/05/2022,22,HB_SOUTH,25.04
01/05/2022,22,HB_WEST,25.36
01/05/2022,23,HB_HOUSTON,26.87
01/05/2022,23,HB_NORTH,26.72
01/05/2022,23,HB_SOUTH,26.69
01/05/2022,23,HB_WEST,27.02
01/05/2022,24,HB_HOUSTON,25.07
01/05/2022,24,HB_NORTH,24.98
01/05/2022,24,HB_SOUTH,25.12
01/05/2022,24,HB_WEST,25.22
01/06/2022,1,HB_HOUSTON,25.12
01/06/2022,1,HB_NORTH,25.08
01/06/2022,1,HB_SOUTH,25.05
01/06/2022,1,HB_WEST,25.06
01/06/2022,2,HB_HOUSTON,23.17
01/06/2022,2,HB_NORTH,23.11
01/06/2022,2,HB_SOUTH,23.11
01/06/2022,2,HB_WEST,22.78
01/06/2022,3,HB_HOUSTON,23.07
01/06/2022,3,HB_NORTH,23
01/06/2022,3,HB_SOUTH,22.84
01/06/2022,3,HB_WEST,21.75
01/06/2022,4,HB_HOUSTON,22.12
01/06/2022,4,HB_NORTH,22
01/06/2022,4,HB_SOUTH,21.96
01/06/2022,4,HB_WEST,19.96
01/06/2022,5,HB_HOUSTON,23.19
01/06/2022,5,HB_NORTH,23.2
01/06/2022,5,HB_SOUTH,23.28
01/06/2022,5,HB_WEST,19.07
01/06/2022,6,HB_HOUSTON,24.92
01/06/2022,6,HB_NORTH,24.64
01/06/2022,6,HB_SOUTH,24.77
01/06/2022,6,HB_WEST,20.98
01/06/2022,7,HB_HOUSTON,28.1
01/06/2022,7,HB_NORTH,27.72
01/06/2022,7,HB_SOUTH,28.03
01/06/2022,7,HB_WEST,21.97
01/06/2022,8,HB_HOUSTON,28.58
01/06/2022,8,HB_NORTH,27.71
01/06/2022,8,HB_SOUTH,28.16
01/06/2022,8,HB_WEST,17.96
01/06/2022,9,HB_HOUSTON,25.88
01/06/2022,9,HB_NORTH,23.16
01/06/2022,9,HB_SOUTH,26.08
01/06/2022,9,HB_WEST,5.01
01/06/2022,10,HB_HOUSTON,24.05
01/06/2022,10,HB_NORTH,21.16
01/06/2022,10,HB_SOUTH,24.24
01/06/2022,10,HB_WEST,-0.28
01/06/2022,11,HB_HOUSTON,24.07
01/06/2022,11,HB_NORTH,21.11
01/06/2022,11,HB_SOUTH,23.29
01/06/2022,11,HB_WEST,0.01
01/06/2022,12,HB_HOUSTON,24.43
01/06/2022,12,HB_NORTH,21.24
01/06/2022,12,HB_SOUTH,24.05
01/06/2022,12,HB_WEST,6.85
01/06/2022,13,HB_HOUSTON,24.43
01/06/2022,13,HB_NORTH,22.35
01/06/2022,13,HB_SOUTH,24.38
01/06/2022,13,HB_WEST,18.49
01/06/2022,14,HB_HOUSTON,25.41
01/06/2022,14,HB_NORTH,25.04
01/06/2022,14,HB_SOUTH,25.37
01/06/2022,14,HB_WEST,24.02
01/06/2022,15,HB_HOUSTON,25.09
01/06/2022,15,HB_NORTH,24.9
01/06/2022,15,HB_SOUTH,24.98
01/06/2022,15,HB_WEST,24.55
01/06/2022,16,HB_HOUSTON,25.62
01/06/2022,16,HB_NORTH,25.57
01/06/2022,16,HB_SOUTH,25.55
01/06/2022,16,HB_WEST,25.56
01/06/2022,17,HB_HOUSTON,28.98
01/06/2022,17,HB_NORTH,28.82
01/06/2022,17,HB_SOUTH,28.48
01/06/2022,17,HB_WEST,28.73
01/06/2022,18,HB_HOUSTON,61.36
01/06/2022,18,HB_NORTH,62.93
01/06/2022,18,HB_SOUTH,58.72
01/06/2022,18,HB_WEST,62.45
01/06/2022,19,HB_HOUSTON,54.7
01/06/2022,19,HB_NORTH,56.55
01/06/2022,19,HB_SOUTH,49.98
01/06/2022,19,HB_WEST,56.21
01/06/2022,20,HB_HOUSTON,46.49
01/06/2022,20,HB_NORTH,48.47
01/06/2022,20,HB_SOUTH,42.18
01/06/2022,20,HB_WEST,48.16
01/06/2022,21,HB_HOUSTON,43.29
01/06/2022,21,HB_NORTH,44.26
01/06/2022,21,HB_SOUTH,38.88
01/06/2022,21,HB_WEST,44.41
01/06/2022,22,HB_HOUSTON,31.1
01/06/2022,22,HB_NORTH,31.85
01/06/2022,22,HB_SOUTH,27.5
01/06/2022,22,HB_WEST,32.16
01/06/2022,23,HB_HOUSTON,30.32
01/06/2022,23,HB_NORTH,30.87
01/06/2022,23,HB_SOUTH,26.43
01/06/2022,23,HB_WEST,31.07
01/06/2022,24,HB_HOUSTON,30.51
01/06/2022,24,HB_NORTH,31.13
01/06/2022,24,HB_SOUTH,27.21
01/06/2022,24,HB_WEST,31.42
01/07/2022,1,HB_HOUSTON,29.54
01/07/2022,1,HB_NORTH,30.62
01/07/2022,1,HB_SOUTH,25.57
01/07/2022,1,HB_WEST,30.64
01/07/2022,2,HB_HOUSTON,28.96
01/07/2022,2,HB_NORTH,29.52
01/07/2022,2,HB_SOUTH,25.3
01/07/2022,2,HB_WEST,29.71
01/07/2022,3,HB_HOUSTON,28.74
01/07/2022,3,HB_NORTH,29.07
01/07/2022,3,HB_SOUTH,25.46
01/07/2022,3,HB_WEST,29.25
01/07/2022,4,HB_HOUSTON,29.25
01/07/2022,4,HB_NORTH,29.47
01/07/2022,4,HB_SOUTH,26.53
01/07/2022,4,HB_WEST,29.59
01/07/2022,5,HB_HOUSTON,32.14
01/07/2022,5,HB_NORTH,32.11
01/07/2022,5,HB_SOUTH,28.7
01/07/2022,5,HB_WEST,32.04
01/07/2022,6,HB_HOUSTON,35.31
01/07/2022,6,HB_NORTH,35.98
01/07/2022,6,HB_SOUTH,31.19
01/07/2022,6,HB_WEST,35.54
01/07/2022,7,HB_HOUSTON,77.68
01/07/2022,7,HB_NORTH,83.5
01/07/2022,7,HB_SOUTH,74.31
01/07/2022,7,HB_WEST,80.89
01/07/2022,8,HB_HOUSTON,64.91
01/07/2022,8,HB_NORTH,71.33
01/07/2022,8,HB_SOUTH,61.17
01/07/2022,8,HB_WEST,68.51
01/07/2022,9,HB_HOUSTON,41.46
01/07/2022,9,HB_NORTH,41.33
01/07/2022,9,HB_SOUTH,39.29
01/07/2022,9,HB_WEST,40.86
01/07/2022,10,HB_HOUSTON,30.54
01/07/2022,10,HB_NORTH,29.94
01/07/2022,10,HB_SOUTH,29.42
01/07/2022,10,HB_WEST,28.64
01/07/2022,11,HB_HOUSTON,27.38
01/07/2022,11,HB_NORTH,26.94
01/07/2022,11,HB_SOUTH,26.58
01/07/2022,11,HB_WEST,25.77
01/07/2022,12,HB_HOUSTON,27.46
01/07/2022,12,HB_NORTH,27.06
01/07/2022,12,HB_SOUTH,26.89
01/07/2022,12,HB_WEST,25.49
01/07/2022,13,HB_HOUSTON,25.16
01/07/2022,13,HB_NORTH,24.42
01/07/2022,13,HB_SOUTH,24.87
01/07/2022,13,HB_WEST,22.13
01/07/2022,14,HB_HOUSTON,25.12
01/07/2022,14,HB_NORTH,24.24
01/07/2022,14,HB_SOUTH,24.82
01/07/2022,14,HB_WEST,19.78
01/07/2022,15,HB_HOUSTON,22.32
01/07/2022,15,HB_NORTH,20.81
01/07/2022,15,HB_SOUTH,21.41
01/07/2022,15,HB_WEST,9.24
01/07/2022,16,HB_HOUSTON,21.88
01/07/2022,16,HB_NORTH,20
01/07/2022,16,HB_SOUTH,21.3
01/07/2022,16,HB_WEST,3.3
01/07/2022,17,HB_HOUSTON,23.97
01/07/2022,17,HB_NORTH,22.4
01/07/2022,17,HB_SOUTH,22.88
01/07/2022,17,HB_WEST,4.59
01/07/2022,18,HB_HOUSTON,29.4
01/07/2022,18,HB_NORTH,28.09
01/07/2022,18,HB_SOUTH,28.46
01/07/2022,18,HB_WEST,15.3
01/07/2022,19,HB_HOUSTON,29.84
01/07/2022,19,HB_NORTH,27.14
01/07/2022,19,HB_SOUTH,29.21
01/07/2022,19,HB_WEST,10.6
01/07/2022,20,HB_HOUSTON,27.34
01/07/2022,20,HB_NORTH,24.55
01/07/2022,20,HB_SOUTH,26.24
01/07/2022,20,HB_WEST,1.13
01/07/2022,21,HB_HOUSTON,26.05
01/07/2022,21,HB_NORTH,23.56
01/07/2022,21,HB_SOUTH,25.11
01/07/2022,21,HB_WEST,0.01
01/07/2022,22,HB_HOUSTON,25.87
01/07/2022,22,HB_NORTH,23.35
01/07/2022,22,HB_SOUTH,25
01/07/2022,22,HB_WEST,-0.2
01/07/2022,23,HB_HOUSTON,27.14
01/07/2022,23,HB_NORTH,24.92
01/07/2022,23,HB_SOUTH,25.81
01/07/2022,23,HB_WEST,-0.28
01/07/2022,24,HB_HOUSTON,26.47
01/07/2022,24,HB_NORTH,24.22
01/07/2022,24,HB_SOUTH,25.08
01/07/2022,24,HB_WEST,-0.28
01/08/2022,1,HB_HOUSTON,32.34
01/08/2022,1,HB_NORTH,23.85
01/08/2022,1,HB_SOUTH,35.76
01/08/2022,1,HB_WEST,-1.61
01/08/2022,2,HB_HOUSTON,28.34
01/08/2022,2,HB_NORTH,21.7
01/08/2022,2,HB_SOUTH,30.47
01/08/2022,2,HB_WEST,-1.78
01/08/2022,3,HB_HOUSTON,26
01/08/2022,3,HB_NORTH,20.14
01/08/2022,3,HB_SOUTH,27.55
01/08/2022,3,HB_WEST,-1.48
01/08/2022,4,HB_HOUSTON,25.22
01/08/2022,4,HB_NORTH,19.8
01/08/2022,4,HB_SOUTH,26.42
01/08/2022,4,HB_WEST,-1.29
01/08/2022,5,HB_HOUSTON,25.66
01/08/2022,5,HB_NORTH,19.78
01/08/2022,5,HB_SOUTH,27.59
01/08/2022,5,HB_WEST,-0.28
01/08/2022,6,HB_HOUSTON,25.51
01/08/2022,6,HB_NORTH,20.68
01/08/2022,6,HB_SOUTH,26.21
01/08/2022,6,HB_WEST,0.79
01/08/2022,7,HB_HOUSTON,26.06
01/08/2022,7,HB_NORTH,20.53
01/08/2022,7,HB_SOUTH,27.41
01/08/2022,7,HB_WEST,0.99
01/08/2022,8,HB_HOUSTON,29.86
01/08/2022,8,HB_NORTH,23.51
01/08/2022,8,HB_SOUTH,32.56
01/08/2022,8,HB_WEST,7.29
01/08/2022,9,HB_HOUSTON,33.5
01/08/2022,9,HB_NORTH,26.21
01/08/2022,9,HB_SOUTH,37.59
01/08/2022,9,HB_WEST,11.58
01/08/2022,10,HB_HOUSTON,33.94
01/08/2022,10,HB_NORTH,25.04
01/08/2022,10,HB_SOUTH,37.83
01/08/2022,10,HB_WEST,7.16
01/08/2022,11,HB_HOUSTON,28.94
01/08/2022,11,HB_NORTH,21.58
01/08/2022,11,HB_SOUTH,32.13
01/08/2022,11,HB_WEST,7.99
01/08/2022,12,HB_HOUSTON,28.55
01/08/2022,12,HB_NORTH,23.67
01/08/2022,12,HB_SOUTH,29.96
01/08/2022,12,HB_WEST,12.85
01/08/2022,13,HB_HOUSTON,25.37
01/08/2022,13,HB_NORTH,21.44
01/08/2022,13,HB_SOUTH,26.2
01/08/2022,13,HB_WEST,13.11
01/08/2022,14,HB_HOUSTON,23.8
01/08/2022,14,HB_NORTH,20.18
01/08/2022,14,HB_SOUTH,24.54
01/08/2022,14,HB_WEST,11.87
01/08/2022,15,HB_HOUSTON,22.55
01/08/2022,15,HB_NORTH,17.64
01/08/2022,15,HB_SOUTH,22.26
01/08/2022,15,HB_WEST,7.13
01/08/2022,16,HB_HOUSTON,21.92
01/08/2022,16,HB_NORTH,17.1
01/08/2022,16,HB_SOUTH,21.94
01/08/2022,16,HB_WEST,9.91
01/08/2022,17,HB_HOUSTON,24.43
01/08/2022,17,HB_NORTH,22.96
01/08/2022,17,HB_SOUTH,23.4
01/08/2022,17,HB_WEST,21.78
01/08/2022,18,HB_HOUSTON,49.97
01/08/2022,18,HB_NORTH,49.99
01/08/2022,18,HB_SOUTH,49.37
01/08/2022,18,HB_WEST,50
01/08/2022,19,HB_HOUSTON,43.35
01/08/2022,19,HB_NORTH,43.3
01/08/2022,19,HB_SOUTH,42.63
01/08/2022,19,HB_WEST,43.29
01/08/2022,20,HB_HOUSTON,31.12
01/08/2022,20,HB_NORTH,31
01/08/2022,20,HB_SOUTH,30.43
01/08/2022,20,HB_WEST,30.97
01/08/2022,21,HB_HOUSTON,26.28
01/08/2022,21,HB_NORTH,25.4
01/08/2022,21,HB_SOUTH,24.59
01/08/2022,21,HB_WEST,25.21
01/08/2022,22,HB_HOUSTON,25.64
01/08/2022,22,HB_NORTH,24.14
01/08/2022,22,HB_SOUTH,23.52
01/08/2022,22,HB_WEST,23.28
01/08/2022,23,HB_HOUSTON,27.05
01/08/2022,23,HB_NORTH,26.22
01/08/2022,23,HB_SOUTH,26.21
01/08/2022,23,HB_WEST,24.9
01/08/2022,24,HB_HOUSTON,25.2
01/08/2022,24,HB_NORTH,22.59
01/08/2022,24,HB_SOUTH,22.59
01/08/2022,24,HB_WEST,20.68
01/09/2022,1,HB_HOUSTON,27.19
01/09/2022,1,HB_NORTH,24.97
01/09/2022,1,HB_SOUTH,23.95
01/09/2022,1,HB_WEST,21.07
01/09/2022,2,HB_HOUSTON,21.14
01/09/2022,2,HB_NORTH,20.09
01/09/2022,2,HB_SOUTH,19.55
01/09/2022,2,HB_WEST,14.52
01/09/2022,3,HB_HOUSTON,19.69
01/09/2022,3,HB_NORTH,18.78
01/09/2022,3,HB_SOUTH,18.42
01/09/2022,3,HB_WEST,13.58
01/09/2022,4,HB_HOUSTON,18.66
01/09/2022,4,HB_NORTH,17.76
01/09/2022,4,HB_SOUTH,17.34
01/09/2022,4,HB_WEST,12.16
01/09/2022,5,HB_HOUSTON,19.45
01/09/2022,5,HB_NORTH,19
01/09/2022,5,HB_SOUTH,18.45
01/09/2022,5,HB_WEST,9.17
01/09/2022,6,HB_HOUSTON,20.86
01/09/2022,6,HB_NORTH,19.41
01/09/2022,6,HB_SOUTH,19.04
01/09/2022,6,HB_WEST,2.72
01/09/2022,7,HB_HOUSTON,23.22
01/09/2022,7,HB_NORTH,20.39
01/09/2022,7,HB_SOUTH,21.7
01/09/2022,7,HB_WEST,0.57
01/09/2022,8,HB_HOUSTON,23.94
01/09/2022,8,HB_NORTH,21.62
01/09/2022,8,HB_SOUTH,22.22
01/09/2022,8,HB_WEST,0.01
01/09/2022,9,HB_HOUSTON,25.4
01/09/2022,9,HB_NORTH,22.77
01/09/2022,9,HB_SOUTH,23.73
01/09/2022,9,HB_WEST,0.01
01/09/2022,10,HB_HOUSTON,25.17
01/09/2022,10,HB_NORTH,21.9
01/09/2022,10,HB_SOUTH,23.95
01/09/2022,10,HB_WEST,-1.05
01/09/2022,11,HB_HOUSTON,25.12
01/09/2022,11,HB_NORTH,21.35
01/09/2022,11,HB_SOUTH,24.22
01/09/2022,11,HB_WEST,-1.24
01/09/2022,12,HB_HOUSTON,25.38
01/09/2022,12,HB_NORTH,20.79
01/09/2022,12,HB_SOUTH,24.78
01/09/2022,12,HB_WEST,-0.3
01/09/2022,13,HB_HOUSTON,25.75
01/09/2022,13,HB_NORTH,21.07
01/09/2022,13,HB_SOUTH,24.65
01/09/2022,13,HB_WEST,0.01
01/09/2022,14,HB_HOUSTON,25.54
01/09/2022,14,HB_NORTH,20.63
01/09/2022,14,HB_SOUTH,24.26
01/09/2022,14,HB_WEST,1.06
01/09/2022,15,HB_HOUSTON,25.29
01/09/2022,15,HB_NORTH,20.11
01/09/2022,15,HB_SOUTH,23.47
01/09/2022,15,HB_WEST,1.7
01/09/2022,16,HB_HOUSTON,26.12
01/09/2022,16,HB_NORTH,22.61
01/09/2022,16,HB_SOUTH,24.63
01/09/2022,16,HB_WEST,12.63
01/09/2022,17,HB_HOUSTON,25.79
01/09/2022,17,HB_NORTH,25.02
01/09/2022,17,HB_SOUTH,25
01/09/2022,17,HB_WEST,22.46
01/09/2022,18,HB_HOUSTON,42.79
01/09/2022,18,HB_NORTH,42.04
01/09/2022,18,HB_SOUTH,41.3
01/09/2022,18,HB_WEST,41.66
01/09/2022,19,HB_HOUSTON,44.2
01/09/2022,19,HB_NORTH,43.73
01/09/2022,19,HB_SOUTH,42.9
01/09/2022,19,HB_WEST,43.42
01/09/2022,20,HB_HOUSTON,39.14
01/09/2022,20,HB_NORTH,38.81
01/09/2022,20,HB_SOUTH,37.49
01/09/2022,20,HB_WEST,38.64
01/09/2022,21,HB_HOUSTON,38.82
01/09/2022,21,HB_NORTH,38.59
01/09/2022,21,HB_SOUTH,36.03
01/09/2022,21,HB_WEST,38.56
01/09/2022,22,HB_HOUSTON,35.23
01/09/2022,22,HB_NORTH,34.44
01/09/2022,22,HB_SOUTH,30.56
01/09/2022,22,HB_WEST,34.35
01/09/2022,23,HB_HOUSTON,28.77
01/09/2022,23,HB_NORTH,29.11
01/09/2022,23,HB_SOUTH,25.2
01/09/2022,23,HB_WEST,29.22
01/09/2022,24,HB_HOUSTON,27.13
01/09/2022,24,HB_NORTH,27.85
01/09/2022,24,HB_SOUTH,23.7
01/09/2022,24,HB_WEST,28.06
01/10/2022,1,HB_HOUSTON,28.91
01/10/2022,1,HB_NORTH,30.09
01/10/2022,1,HB_SOUTH,25
01/10/2022,1,HB_WEST,30.35
01/10/2022,2,HB_HOUSTON,25.21
01/10/2022,2,HB_NORTH,26.23
01/10/2022,2,HB_SOUTH,21.5
01/10/2022,2,HB_WEST,26.51
01/10/2022,3,HB_HOUSTON,26.48
01/10/2022,3,HB_NORTH,27.54
01/10/2022,3,HB_SOUTH,22.73
01/10/2022,3,HB_WEST,27.83
01/10/2022,4,HB_HOUSTON,27.69
01/10/2022,4,HB_NORTH,28.74
01/10/2022,4,HB_SOUTH,23.56
01/10/2022,4,HB_WEST,29.04
01/10/2022,5,HB_HOUSTON,30.45
01/10/2022,5,HB_NORTH,31.5
01/10/2022,5,HB_SOUTH,26.55
01/10/2022,5,HB_WEST,31.75
01/10/2022,6,HB_HOUSTON,37.7
01/10/2022,6,HB_NORTH,39.18
01/10/2022,6,HB_SOUTH,32.17
01/10/2022,6,HB_WEST,39.23
01/10/2022,7,HB_HOUSTON,58.46
01/10/2022,7,HB_NORTH,61.48
01/10/2022,7,HB_SOUTH,51.61
01/10/2022,7,HB_WEST,61.33
01/10/2022,8,HB_HOUSTON,61.98
01/10/2022,8,HB_NORTH,64.46
01/10/2022,8,HB_SOUTH,54.41
01/10/2022,8,HB_WEST,64.34
01/10/2022,9,HB_HOUSTON,43.49
01/10/2022,9,HB_NORTH,44.24
01/10/2022,9,HB_SOUTH,37.03
01/10/2022,9,HB_WEST,44.2
01/10/2022,10,HB_HOUSTON,31.91
01/10/2022,10,HB_NORTH,32.34
01/10/2022,10,HB_SOUTH,26.73
01/10/2022,10,HB_WEST,32.42
01/10/2022,11,HB_HOUSTON,28.48
01/10/2022,11,HB_NORTH,28.31
01/10/2022,11,HB_SOUTH,23.34
01/10/2022,11,HB_WEST,28.38
01/10/2022,12,HB_HOUSTON,26.86
01/10/2022,12,HB_NORTH,26.55
01/10/2022,12,HB_SOUTH,22.19
01/10/2022,12,HB_WEST,26.62
01/10/2022,13,HB_HOUSTON,25.43
01/10/2022,13,HB_NORTH,24.87
01/10/2022,13,HB_SOUTH,21.36
01/10/2022,13,HB_WEST,24.86
01/10/2022,14,HB_HOUSTON,24.19
01/10/2022,14,HB_NORTH,23.66
01/10/2022,14,HB_SOUTH,21.57
01/10/2022,14,HB_WEST,23.64
01/10/2022,15,HB_HOUSTON,23.43
01/10/2022,15,HB_NORTH,23
01/10/2022,15,HB_SOUTH,21.51
01/10/2022,15,HB_WEST,22.96
01/10/2022,16,HB_HOUSTON,23.5
01/10/2022,16,HB_NORTH,23.25
01/10/2022,16,HB_SOUTH,22.27
01/10/2022,16,HB_WEST,23.19
01/10/2022,17,HB_HOUSTON,26.69
01/10/2022,17,HB_NORTH,26.46
01/10/2022,17,HB_SOUTH,25.62
01/10/2022,17,HB_WEST,26.4
01/10/2022,18,HB_HOUSTON,74.21
01/10/2022,18,HB_NORTH,73.35
01/10/2022,18,HB_SOUTH,70.63
01/10/2022,18,HB_WEST,73.04
01/10/2022,19,HB_HOUSTON,70.86
01/10/2022,19,HB_NORTH,70.24
01/10/2022,19,HB_SOUTH,68.25
01/10/2022,19,HB_WEST,70.19
01/10/2022,20,HB_HOUSTON,44.62
01/10/2022,20,HB_NORTH,44.01
01/10/2022,20,HB_SOUTH,42.27
01/10/2022,20,HB_WEST,44
01/10/2022,21,HB_HOUSTON,42.31
01/10/2022,21,HB_NORTH,41.93
01/10/2022,21,HB_SOUTH,40.47
01/10/2022,21,HB_WEST,41.99
01/10/2022,22,HB_HOUSTON,31.88
01/10/2022,22,HB_NORTH,31.86
01/10/2022,22,HB_SOUTH,31.05
01/10/2022,22,HB_WEST,32.07
01/10/2022,23,HB_HOUSTON,35.96
01/10/2022,23,HB_NORTH,35.5
01/10/2022,23,HB_SOUTH,34.18
01/10/2022,23,HB_WEST,35.42
01/10/2022,24,HB_HOUSTON,31.51
01/10/2022,24,HB_NORTH,31.5
01/10/2022,24,HB_SOUTH,31.15
01/10/2022,24,HB_WEST,31.62
01/11/2022,1,HB_HOUSTON,32.33
01/11/2022,1,HB_NORTH,32.49
01/11/2022,1,HB_SOUTH,31.39
01/11/2022,1,HB_WEST,32.63
01/11/2022,2,HB_HOUSTON,28.48
01/11/2022,2,HB_NORTH,28.47
01/11/2022,2,HB_SOUTH,27.38
01/11/2022,2,HB_WEST,28.58
01/11/2022,3,HB_HOUSTON,26.45
01/11/2022,3,HB_NORTH,26.54
01/11/2022,3,HB_SOUTH,25.22
01/11/2022,3,HB_WEST,26.67
01/11/2022,4,HB_HOUSTON,26.29
01/11/2022,4,HB_NORTH,26.29
01/11/2022,4,HB_SOUTH,24.72
01/11/2022,4,HB_WEST,26.4
01/11/2022,5,HB_HOUSTON,29.41
01/11/2022,5,HB_NORTH,29.16
01/11/2022,5,HB_SOUTH,27.25
01/11/2022,5,HB_WEST,29.2
01/11/2022,6,HB_HOUSTON,37.05
01/11/2022,6,HB_NORTH,36.6
01/11/2022,6,HB_SOUTH,34.34
01/11/2022,6,HB_WEST,36.64
01/11/2022,7,HB_HOUSTON,59.39
01/11/2022,7,HB_NORTH,60.04
01/11/2022,7,HB_SOUTH,55.14
01/11/2022,7,HB_WEST,60
01/11/2022,8,HB_HOUSTON,63.7
01/11/2022,8,HB_NORTH,63.7
01/11/2022,8,HB_SOUTH,59.14
01/11/2022,8,HB_WEST,63.68
01/11/2022,9,HB_HOUSTON,44.52
01/11/2022,9,HB_NORTH,44.1
01/11/2022,9,HB_SOUTH,41.68
01/11/2022,9,HB_WEST,43.96
01/11/2022,10,HB_HOUSTON,41.62
01/11/2022,10,HB_NORTH,41.02
01/11/2022,10,HB_SOUTH,39.7
01/11/2022,10,HB_WEST,40.75
01/11/2022,11,HB_HOUSTON,31.69
01/11/2022,11,HB_NORTH,31.27
01/11/2022,11,HB_SOUTH,30.81
01/11/2022,11,HB_WEST,31.01
01/11/2022,12,HB_HOUSTON,28.29
01/11/2022,12,HB_NORTH,28
01/11/2022,12,HB_SOUTH,27.78
01/11/2022,12,HB_WEST,27.83
01/11/2022,13,HB_HOUSTON,25.57
01/11/2022,13,HB_NORTH,25.16
01/11/2022,13,HB_SOUTH,25.35
01/11/2022,13,HB_WEST,24.92
01/11/2022,14,HB_HOUSTON,24.87
01/11/2022,14,HB_NORTH,24.26
01/11/2022,14,HB_SOUTH,24.8
01/11/2022,14,HB_WEST,23.73
01/11/2022,15,HB_HOUSTON,24.07
01/11/2022,15,HB_NORTH,23.62
01/11/2022,15,HB_SOUTH,24.14
01/11/2022,15,HB_WEST,23.19
01/11/2022,16,HB_HOUSTON,24.27
01/11/2022,16,HB_NORTH,24
01/11/2022,16,HB_SOUTH,24.3
01/11/2022,16,HB_WEST,23.78
01/11/2022,17,HB_HOUSTON,26.69
01/11/2022,17,HB_NORTH,26.53
01/11/2022,17,HB_SOUTH,26.34
01/11/2022,17,HB_WEST,26.48
01/11/2022,18,HB_HOUSTON,66.15
01/11/2022,18,HB_NORTH,65.64
01/11/2022,18,HB_SOUTH,64.58
01/11/2022,18,HB_WEST,65.51
01/11/2022,19,HB_HOUSTON,50.61
01/11/2022,19,HB_NORTH,50.22
01/11/2022,19,HB_SOUTH,49.38
01/11/2022,19,HB_WEST,50.2
01/11/2022,20,HB_HOUSTON,31.1
01/11/2022,20,HB_NORTH,30.71
01/11/2022,20,HB_SOUTH,31.21
01/11/2022,20,HB_WEST,30.5
01/11/2022,21,HB_HOUSTON,32.37
01/11/2022,21,HB_NORTH,32
01/11/2022,21,HB_SOUTH,32.3
01/11/2022,21,HB_WEST,31.66
01/11/2022,22,HB_HOUSTON,30.06
01/11/2022,22,HB_NORTH,29.71
01/11/2022,22,HB_SOUTH,30.11
01/11/2022,22,HB_WEST,29.3
01/11/2022,23,HB_HOUSTON,29.86
01/11/2022,23,HB_NORTH,29.45
01/11/2022,23,HB_SOUTH,29.98
01/11/2022,23,HB_WEST,29
01/11/2022,24,HB_HOUSTON,27.94
01/11/2022,24,HB_NORTH,27.68
01/11/2022,24,HB_SOUTH,28.11
01/11/2022,24,HB_WEST,27.45
01/12/2022,1,HB_HOUSTON,23.4
01/12/2022,1,HB_NORTH,23.87
01/12/2022,1,HB_SOUTH,24.85
01/12/2022,1,HB_WEST,24
01/12/2022,2,HB_HOUSTON,23.62
01/12/2022,2,HB_NORTH,23.67
01/12/2022,2,HB_SOUTH,23.77
01/12/2022,2,HB_WEST,23.68
01/12/2022,3,HB_HOUSTON,24.57
01/12/2022,3,HB_NORTH,24.56
01/12/2022,3,HB_SOUTH,24.56
01/12/2022,3,HB_WEST,24.57
01/12/2022,4,HB_HOUSTON,25.05
01/12/2022,4,HB_NORTH,25.05
01/12/2022,4,HB_SOUTH,25.07
01/12/2022,4,HB_WEST,25.06
01/12/2022,5,HB_HOUSTON,29.35
01/12/2022,5,HB_NORTH,29.34
01/12/2022,5,HB_SOUTH,29.31
01/12/2022,5,HB_WEST,29.36
01/12/2022,6,HB_HOUSTON,36.51
01/12/2022,6,HB_NORTH,36.29
01/12/2022,6,HB_SOUTH,35.64
01/12/2022,6,HB_WEST,36.19
01/12/2022,7,HB_HOUSTON,57.88
01/12/2022,7,HB_NORTH,57.86
01/12/2022,7,HB_SOUTH,57.21
01/12/2022,7,HB_WEST,57.83
01/12/2022,8,HB_HOUSTON,59.17
01/12/2022,8,HB_NORTH,59.06
01/12/2022,8,HB_SOUTH,58.14
01/12/2022,8,HB_WEST,58.98
01/12/2022,9,HB_HOUSTON,44.02
01/12/2022,9,HB_NORTH,43.96
01/12/2022,9,HB_SOUTH,43.4
01/12/2022,9,HB_WEST,43.94
01/12/2022,10,HB_HOUSTON,30.16
01/12/2022,10,HB_NORTH,30.35
01/12/2022,10,HB_SOUTH,30.52
01/12/2022,10,HB_WEST,30.42
01/12/2022,11,HB_HOUSTON,30
01/12/2022,11,HB_NORTH,30.03
01/12/2022,11,HB_SOUTH,29.93
01/12/2022,11,HB_WEST,30.04
01/12/2022,12,HB_HOUSTON,27.06
01/12/2022,12,HB_NORTH,27.17
01/12/2022,12,HB_SOUTH,27.28
01/12/2022,12,HB_WEST,27.2
01/12/2022,13,HB_HOUSTON,25.17
01/12/2022,13,HB_NORTH,25.35
01/12/2022,13,HB_SOUTH,25.69
01/12/2022,13,HB_WEST,25.39
01/12/2022,14,HB_HOUSTON,24.88
01/12/2022,14,HB_NORTH,25
01/12/2022,14,HB_SOUTH,25.23
01/12/2022,14,HB_WEST,25.03
01/12/2022,15,HB_HOUSTON,24.55
01/12/2022,15,HB_NORTH,24.59
01/12/2022,15,HB_SOUTH,24.68
01/12/2022,15,HB_WEST,24.59
01/12/2022,16,HB_HOUSTON,24.24
01/12/2022,16,HB_NORTH,24.35
01/12/2022,16,HB_SOUTH,24.62
01/12/2022,16,HB_WEST,24.38
01/12/2022,17,HB_HOUSTON,26.69
01/12/2022,17,HB_NORTH,26.71
01/12/2022,17,HB_SOUTH,26.68
01/12/2022,17,HB_WEST,26.71
01/12/2022,18,HB_HOUSTON,66.04
01/12/2022,18,HB_NORTH,65.74
01/12/2022,18,HB_SOUTH,65
01/12/2022,18,HB_WEST,65.67
01/12/2022,19,HB_HOUSTON,63.69
01/12/2022,19,HB_NORTH,63.51
01/12/2022,19,HB_SOUTH,62.96
01/12/2022,19,HB_WEST,63.48
01/12/2022,20,HB_HOUSTON,46.23
01/12/2022,20,HB_NORTH,46.09
01/12/2022,20,HB_SOUTH,45.65
01/12/2022,20,HB_WEST,46.11
01/12/2022,21,HB_HOUSTON,45.23
01/12/2022,21,HB_NORTH,45.16
01/12/2022,21,HB_SOUTH,44.83
01/12/2022,21,HB_WEST,45.16
01/12/2022,22,HB_HOUSTON,37.92
01/12/2022,22,HB_NORTH,37.91
01/12/2022,22,HB_SOUTH,37.74
01/12/2022,22,HB_WEST,37.92
01/12/2022,23,HB_HOUSTON,32.82
01/12/2022,23,HB_NORTH,33.23
01/12/2022,23,HB_SOUTH,33.93
01/12/2022,23,HB_WEST,33.32
01/12/2022,24,HB_HOUSTON,32.58
01/12/2022,24,HB_NORTH,32.77
01/12/2022,24,HB_SOUTH,33.09
01/12/2022,24,HB_WEST,32.81
01/13/2022,1,HB_HOUSTON,30.88
01/13/2022,1,HB_NORTH,31.13
01/13/2022,1,HB_SOUTH,31.63
01/13/2022,1,HB_WEST,31.21
01/13/2022,2,HB_HOUSTON,28.05
01/13/2022,2,HB_NORTH,28.19
01/13/2022,2,HB_SOUTH,28.46
01/13/2022,2,HB_WEST,28.23
01/13/2022,3,HB_HOUSTON,27.67
01/13/2022,3,HB_NORTH,27.73
01/13/2022,3,HB_SOUTH,27.84
01/13/2022,3,HB_WEST,27.74
01/13/2022,4,HB_HOUSTON,27.23
01/13/2022,4,HB_NORTH,27.26
01/13/2022,4,HB_SOUTH,27.31
01/13/2022,4,HB_WEST,27.27
01/13/2022,5,HB_HOUSTON,27.97
01/13/2022,5,HB_NORTH,28
01/13/2022,5,HB_SOUTH,28.06
01/13/2022,5,HB_WEST,28.01
01/13/2022,6,HB_HOUSTON,38.56
01/13/2022,6,HB_NORTH,38.76
01/13/2022,6,HB_SOUTH,38.98
01/13/2022,6,HB_WEST,38.82
01/13/2022,7,HB_HOUSTON,54.69
01/13/2022,7,HB_NORTH,54.72
01/13/2022,7,HB_SOUTH,54.37
01/13/2022,7,HB_WEST,54.71
01/13/2022,8,HB_HOUSTON,57.62
01/13/2022,8,HB_NORTH,57.35
01/13/2022,8,HB_SOUTH,56.25
01/13/2022,8,HB_WEST,57.26
01/13/2022,9,HB_HOUSTON,43.25
01/13/2022,9,HB_NORTH,43
01/13/2022,9,HB_SOUTH,42.07
01/13/2022,9,HB_WEST,42.89
01/13/2022,10,HB_HOUSTON,33.94
01/13/2022,10,HB_NORTH,34.11
01/13/2022,10,HB_SOUTH,34.07
01/13/2022,10,HB_WEST,34.13
01/13/2022,11,HB_HOUSTON,28.7
01/13/2022,11,HB_NORTH,28.82
01/13/2022,11,HB_SOUTH,28.94
01/13/2022,11,HB_WEST,28.84
01/13/2022,12,HB_HOUSTON,27.87
01/13/2022,12,HB_NORTH,28.02
01/13/2022,12,HB_SOUTH,28.14
01/13/2022,12,HB_WEST,28.04
01/13/2022,13,HB_HOUSTON,27.61
01/13/2022,13,HB_NORTH,27.56
01/13/2022,13,HB_SOUTH,27.36
01/13/2022,13,HB_WEST,27.54
01/13/2022,14,HB_HOUSTON,26.69
01/13/2022,14,HB_NORTH,26.7
01/13/2022,14,HB_SOUTH,26.61
01/13/2022,14,HB_WEST,26.68
01/13/2022,15,HB_HOUSTON,25.64
01/13/2022,15,HB_NORTH,25.88
01/13/2022,15,HB_SOUTH,26.11
01/13/2022,15,HB_WEST,25.91
01/13/2022,16,HB_HOUSTON,25.68
01/13/2022,16,HB_NORTH,25.81
01/13/2022,16,HB_SOUTH,26.01
01/13/2022,16,HB_WEST,25.84
01/13/2022,17,HB_HOUSTON,27.2
01/13/2022,17,HB_NORTH,28
01/13/2022,17,HB_SOUTH,28.98
01/13/2022,17,HB_WEST,28.16
01/13/2022,18,HB_HOUSTON,61.38
01/13/2022,18,HB_NORTH,61.45
01/13/2022,18,HB_SOUTH,61.29
01/13/2022,18,HB_WEST,61.42
01/13/2022,19,HB_HOUSTON,61.33
01/13/2022,19,HB_NORTH,61.3
01/13/2022,19,HB_SOUTH,61.03
01/13/2022,19,HB_WEST,61.26
01/13/2022,20,HB_HOUSTON,43.6
01/13/2022,20,HB_NORTH,43.56
01/13/2022,20,HB_SOUTH,43.42
01/13/2022,20,HB_WEST,43.54
01/13/2022,21,HB_HOUSTON,38.78
01/13/2022,21,HB_NORTH,38.86
01/13/2022,21,HB_SOUTH,38.92
01/13/2022,21,HB_WEST,38.88
01/13/2022,22,HB_HOUSTON,31.81
01/13/2022,22,HB_NORTH,32
01/13/2022,22,HB_SOUTH,32.42
01/13/2022,22,HB_WEST,32.1
01/13/2022,23,HB_HOUSTON,32.67
01/13/2022,23,HB_NORTH,32.66
01/13/2022,23,HB_SOUTH,32.7
01/13/2022,23,HB_WEST,32.69
01/13/2022,24,HB_HOUSTON,29.73
01/13/2022,24,HB_NORTH,29.71
01/13/2022,24,HB_SOUTH,29.77
01/13/2022,24,HB_WEST,29.76
01/14/2022,1,HB_HOUSTON,31.13
01/14/2022,1,HB_NORTH,31.11
01/14/2022,1,HB_SOUTH,31.12
01/14/2022,1,HB_WEST,31.17
01/14/2022,2,HB_HOUSTON,28.57
01/14/2022,2,HB_NORTH,28.55
01/14/2022,2,HB_SOUTH,28.57
01/14/2022,2,HB_WEST,28.61
01/14/2022,3,HB_HOUSTON,25.86
01/14/2022,3,HB_NORTH,25.85
01/14/2022,3,HB_SOUTH,25.87
01/14/2022,3,HB_WEST,25.91
01/14/2022,4,HB_HOUSTON,24.26
01/14/2022,4,HB_NORTH,24.24
01/14/2022,4,HB_SOUTH,24.27
01/14/2022,4,HB_WEST,24.31
01/14/2022,5,HB_HOUSTON,26.68
01/14/2022,5,HB_NORTH,26.65
01/14/2022,5,HB_SOUTH,26.69
01/14/2022,5,HB_WEST,26.74
01/14/2022,6,HB_HOUSTON,32.74
01/14/2022,6,HB_NORTH,32.68
01/14/2022,6,HB_SOUTH,32.7
01/14/2022,6,HB_WEST,32.76
01/14/2022,7,HB_HOUSTON,48.18
01/14/2022,7,HB_NORTH,47.9
01/14/2022,7,HB_SOUTH,47.45
01/14/2022,7,HB_WEST,47.94
01/14/2022,8,HB_HOUSTON,38.41
01/14/2022,8,HB_NORTH,38.23
01/14/2022,8,HB_SOUTH,38.18
01/14/2022,8,HB_WEST,38.31
01/14/2022,9,HB_HOUSTON,33.71
01/14/2022,9,HB_NORTH,33.41
01/14/2022,9,HB_SOUTH,33.56
01/14/2022,9,HB_WEST,31.04
01/14/2022,10,HB_HOUSTON,34.63
01/14/2022,10,HB_NORTH,32.15
01/14/2022,10,HB_SOUTH,34.8
01/14/2022,10,HB_WEST,25.14
01/14/2022,11,HB_HOUSTON,30.23
01/14/2022,11,HB_NORTH,27.69
01/14/2022,11,HB_SOUTH,30.14
01/14/2022,11,HB_WEST,23.02
01/14/2022,12,HB_HOUSTON,29.91
01/14/2022,12,HB_NORTH,28.08
01/14/2022,12,HB_SOUTH,29.71
01/14/2022,12,HB_WEST,20.74
01/14/2022,13,HB_HOUSTON,28.38
01/14/2022,13,HB_NORTH,23.67
01/14/2022,13,HB_SOUTH,28.54
01/14/2022,13,HB_WEST,8.24
01/14/2022,14,HB_HOUSTON,26.3
01/14/2022,14,HB_NORTH,22.24
01/14/2022,14,HB_SOUTH,26.59
01/14/2022,14,HB_WEST,3.39
01/14/2022,15,HB_HOUSTON,25.07
01/14/2022,15,HB_NORTH,21
01/14/2022,15,HB_SOUTH,25.59
01/14/2022,15,HB_WEST,2.56
01/14/2022,16,HB_HOUSTON,24.64
01/14/2022,16,HB_NORTH,21.26
01/14/2022,16,HB_SOUTH,24.8
01/14/2022,16,HB_WEST,4.21
01/14/2022,17,HB_HOUSTON,30.12
01/14/2022,17,HB_NORTH,28.22
01/14/2022,17,HB_SOUTH,29.62
01/14/2022,17,HB_WEST,25.02
01/14/2022,18,HB_HOUSTON,52.1
01/14/2022,18,HB_NORTH,51.36
01/14/2022,18,HB_SOUTH,50.61
01/14/2022,18,HB_WEST,50.56
01/14/2022,19,HB_HOUSTON,31.46
01/14/2022,19,HB_NORTH,31.08
01/14/2022,19,HB_SOUTH,30.45
01/14/2022,19,HB_WEST,29.15
01/14/2022,20,HB_HOUSTON,29.16
01/14/2022,20,HB_NORTH,27.06
01/14/2022,20,HB_SOUTH,27.54
01/14/2022,20,HB_WEST,12.28
01/14/2022,21,HB_HOUSTON,28.57
01/14/2022,21,HB_NORTH,26.68
01/14/2022,21,HB_SOUTH,26.6
01/14/2022,21,HB_WEST,2.51
01/14/2022,22,HB_HOUSTON,25.19
01/14/2022,22,HB_NORTH,24
01/14/2022,22,HB_SOUTH,22.31
01/14/2022,22,HB_WEST,0.01
01/14/2022,23,HB_HOUSTON,21.67
01/14/2022,23,HB_NORTH,21.24
01/14/2022,23,HB_SOUTH,18.5
01/14/2022,23,HB_WEST,-0.28
01/14/2022,24,HB_HOUSTON,17.37
01/14/2022,24,HB_NORTH,16.87
01/14/2022,24,HB_SOUTH,14.56
01/14/2022,24,HB_WEST,-0.75
01/15/2022,1,HB_HOUSTON,13.14
01/15/2022,1,HB_NORTH,11.85
01/15/2022,1,HB_SOUTH,10.43
01/15/2022,1,HB_WEST,-2.27
01/15/2022,2,HB_HOUSTON,13.42
01/15/2022,2,HB_NORTH,11.98
01/15/2022,2,HB_SOUTH,10.98
01/15/2022,2,HB_WEST,-2.09
01/15/2022,3,HB_HOUSTON,13.92
01/15/2022,3,HB_NORTH,11.99
01/15/2022,3,HB_SOUTH,11.7
01/15/2022,3,HB_WEST,-2.2
01/15/2022,4,HB_HOUSTON,14.74
01/15/2022,4,HB_NORTH,13.33
01/15/2022,4,HB_SOUTH,12.79
01/15/2022,4,HB_WEST,-0.9
01/15/2022,5,HB_HOUSTON,17.45
01/15/2022,5,HB_NORTH,16.4
01/15/2022,5,HB_SOUTH,15.33
01/15/2022,5,HB_WEST,-0.28
01/15/2022,6,HB_HOUSTON,17.48
01/15/2022,6,HB_NORTH,16.68
01/15/2022,6,HB_SOUTH,15.03
01/15/2022,6,HB_WEST,0.01
01/15/2022,7,HB_HOUSTON,29.07
01/15/2022,7,HB_NORTH,28.69
01/15/2022,7,HB_SOUTH,23.89
01/15/2022,7,HB_WEST,0.31
01/15/2022,8,HB_HOUSTON,26.9
01/15/2022,8,HB_NORTH,26.58
01/15/2022,8,HB_SOUTH,21.53
01/15/2022,8,HB_WEST,0.52
01/15/2022,9,HB_HOUSTON,28.05
01/15/2022,9,HB_NORTH,26.13
01/15/2022,9,HB_SOUTH,22.59
01/15/2022,9,HB_WEST,0.48
01/15/2022,10,HB_HOUSTON,29.1
01/15/2022,10,HB_NORTH,25.77
01/15/2022,10,HB_SOUTH,21.83
01/15/2022,10,HB_WEST,-0.29
01/15/2022,11,HB_HOUSTON,31.31
01/15/2022,11,HB_NORTH,28.55
01/15/2022,11,HB_SOUTH,23.02
01/15/2022,11,HB_WEST,-0.76
01/15/2022,12,HB_HOUSTON,31.9
01/15/2022,12,HB_NORTH,29.11
01/15/2022,12,HB_SOUTH,23.77
01/15/2022,12,HB_WEST,-0.89
01/15/2022,13,HB_HOUSTON,29.08
01/15/2022,13,HB_NORTH,27.47
01/15/2022,13,HB_SOUTH,21.81
01/15/2022,13,HB_WEST,-0.72
01/15/2022,14,HB_HOUSTON,25.97
01/15/2022,14,HB_NORTH,24.23
01/15/2022,14,HB_SOUTH,20.49
01/15/2022,14,HB_WEST,-0.77
01/15/2022,15,HB_HOUSTON,25.66
01/15/2022,15,HB_NORTH,23.57
01/15/2022,15,HB_SOUTH,20.17
01/15/2022,15,HB_WEST,-0.78
01/15/2022,16,HB_HOUSTON,25.06
01/15/2022,16,HB_NORTH,22.54
01/15/2022,16,HB_SOUTH,19.43
01/15/2022,16,HB_WEST,-0.84
01/15/2022,17,HB_HOUSTON,25.22
01/15/2022,17,HB_NORTH,23.32
01/15/2022,17,HB_SOUTH,19.75
01/15/2022,17,HB_WEST,1.36
01/15/2022,18,HB_HOUSTON,42.53
01/15/2022,18,HB_NORTH,41.42
01/15/2022,18,HB_SOUTH,31.38
01/15/2022,18,HB_WEST,29.64
01/15/2022,19,HB_HOUSTON,43.06
01/15/2022,19,HB_NORTH,44.41
01/15/2022,19,HB_SOUTH,34.26
01/15/2022,19,HB_WEST,41.54
01/15/2022,20,HB_HOUSTON,41.52
01/15/2022,20,HB_NORTH,42.24
01/15/2022,20,HB_SOUTH,33.84
01/15/2022,20,HB_WEST,41.55
01/15/2022,21,HB_HOUSTON,44.31
01/15/2022,21,HB_NORTH,45.2
01/15/2022,21,HB_SOUTH,37.44
01/15/2022,21,HB_WEST,45.14
01/15/2022,22,HB_HOUSTON,45.84
01/15/2022,22,HB_NORTH,46.98
01/15/2022,22,HB_SOUTH,38.74
01/15/2022,22,HB_WEST,46.95
01/15/2022,23,HB_HOUSTON,43.47
01/15/2022,23,HB_NORTH,44.74
01/15/2022,23,HB_SOUTH,36.56
01/15/2022,23,HB_WEST,44.69
01/15/2022,24,HB_HOUSTON,41.46
01/15/2022,24,HB_NORTH,43.17
01/15/2022,24,HB_SOUTH,34.51
01/15/2022,24,HB_WEST,43.08
01/16/2022,1,HB_HOUSTON,36.68
01/16/2022,1,HB_NORTH,38.37
01/16/2022,1,HB_SOUTH,32.59
01/16/2022,1,HB_WEST,38.62
01/16/2022,2,HB_HOUSTON,35.07
01/16/2022,2,HB_NORTH,36.32
01/16/2022,2,HB_SOUTH,31.06
01/16/2022,2,HB_WEST,36.61
01/16/2022,3,HB_HOUSTON,36.3
01/16/2022,3,HB_NORTH,37.65
01/16/2022,3,HB_SOUTH,32.55
01/16/2022,3,HB_WEST,38
01/16/2022,4,HB_HOUSTON,37.81
01/16/2022,4,HB_NORTH,38.99
01/16/2022,4,HB_SOUTH,33.79
01/16/2022,4,HB_WEST,39.31
01/16/2022,5,HB_HOUSTON,40.25
01/16/2022,5,HB_NORTH,41.12
01/16/2022,5,HB_SOUTH,37.72
01/16/2022,5,HB_WEST,41.4
01/16/2022,6,HB_HOUSTON,42.67
01/16/2022,6,HB_NORTH,42.92
01/16/2022,6,HB_SOUTH,40.23
01/16/2022,6,HB_WEST,42.99
01/16/2022,7,HB_HOUSTON,66.35
01/16/2022,7,HB_NORTH,68.35
01/16/2022,7,HB_SOUTH,62.63
01/16/2022,7,HB_WEST,68.49
01/16/2022,8,HB_HOUSTON,70.38
01/16/2022,8,HB_NORTH,72.24
01/16/2022,8,HB_SOUTH,66.39
01/16/2022,8,HB_WEST,71.85
01/16/2022,9,HB_HOUSTON,51.92
01/16/2022,9,HB_NORTH,52.39
01/16/2022,9,HB_SOUTH,49.48
01/16/2022,9,HB_WEST,52.17
01/16/2022,10,HB_HOUSTON,35.92
01/16/2022,10,HB_NORTH,36.07
01/16/2022,10,HB_SOUTH,35.73
01/16/2022,10,HB_WEST,36.12
01/16/2022,11,HB_HOUSTON,32.39
01/16/2022,11,HB_NORTH,32.38
01/16/2022,11,HB_SOUTH,32.33
01/16/2022,11,HB_WEST,32.38
01/16/2022,12,HB_HOUSTON,29.57
01/16/2022,12,HB_NORTH,29.51
01/16/2022,12,HB_SOUTH,29.5
01/16/2022,12,HB_WEST,29.51
01/16/2022,13,HB_HOUSTON,27.27
01/16/2022,13,HB_NORTH,27.16
01/16/2022,13,HB_SOUTH,27.13
01/16/2022,13,HB_WEST,27.15
01/16/2022,14,HB_HOUSTON,26.47
01/16/2022,14,HB_NORTH,26.29
01/16/2022,14,HB_SOUTH,26.26
01/16/2022,14,HB_WEST,26.28
01/16/2022,15,HB_HOUSTON,25.41
01/16/2022,15,HB_NORTH,25.28
01/16/2022,15,HB_SOUTH,25.35
01/16/2022,15,HB_WEST,25.27
01/16/2022,16,HB_HOUSTON,25.16
01/16/2022,16,HB_NORTH,25.1
01/16/2022,16,HB_SOUTH,25.19
01/16/2022,16,HB_WEST,25.1
01/16/2022,17,HB_HOUSTON,27.36
01/16/2022,17,HB_NORTH,27.3
01/16/2022,17,HB_SOUTH,27.38
01/16/2022,17,HB_WEST,27.3
01/16/2022,18,HB_HOUSTON,56.44
01/16/2022,18,HB_NORTH,57.14
01/16/2022,18,HB_SOUTH,58.65
01/16/2022,18,HB_WEST,57.33
01/16/2022,19,HB_HOUSTON,58.03
01/16/2022,19,HB_NORTH,58.36
01/16/2022,19,HB_SOUTH,59.36
01/16/2022,19,HB_WEST,58.46
01/16/2022,20,HB_HOUSTON,44.81
01/16/2022,20,HB_NORTH,45
01/16/2022,20,HB_SOUTH,45.24
01/16/2022,20,HB_WEST,45.06
01/16/2022,21,HB_HOUSTON,40.11
01/16/2022,21,HB_NORTH,40.31
01/16/2022,21,HB_SOUTH,40.5
01/16/2022,21,HB_WEST,40.4
01/16/2022,22,HB_HOUSTON,35.5
01/16/2022,22,HB_NORTH,35.71
01/16/2022,22,HB_SOUTH,35.87
01/16/2022,22,HB_WEST,35.81
01/16/2022,23,HB_HOUSTON,35.67
01/16/2022,23,HB_NORTH,35.79
01/16/2022,23,HB_SOUTH,35.83
01/16/2022,23,HB_WEST,35.85
01/16/2022,24,HB_HOUSTON,31.41
01/16/2022,24,HB_NORTH,31.32
01/16/2022,24,HB_SOUTH,31.27
01/16/2022,24,HB_WEST,31.33
01/17/2022,1,HB_HOUSTON,28.63
01/17/2022,1,HB_NORTH,29.09
01/17/2022,1,HB_SOUTH,27.84
01/17/2022,1,HB_WEST,29.22
01/17/2022,2,HB_HOUSTON,27.5
01/17/2022,2,HB_NORTH,28.01
01/17/2022,2,HB_SOUTH,26.53
01/17/2022,2,HB_WEST,28.16
01/17/2022,3,HB_HOUSTON,28.31
01/17/2022,3,HB_NORTH,28.63
01/17/2022,3,HB_SOUTH,27.74
01/17/2022,3,HB_WEST,28.73
01/17/2022,4,HB_HOUSTON,30.24
01/17/2022,4,HB_NORTH,30.34
01/17/2022,4,HB_SOUTH,30.06
01/17/2022,4,HB_WEST,30.37
01/17/2022,5,HB_HOUSTON,36.12
01/17/2022,5,HB_NORTH,36.12
01/17/2022,5,HB_SOUTH,36.13
01/17/2022,5,HB_WEST,36.13
01/17/2022,6,HB_HOUSTON,42.82
01/17/2022,6,HB_NORTH,42.83
01/17/2022,6,HB_SOUTH,42.82
01/17/2022,6,HB_WEST,42.84
01/17/2022,7,HB_HOUSTON,86.35
01/17/2022,7,HB_NORTH,86.86
01/17/2022,7,HB_SOUTH,86.81
01/17/2022,7,HB_WEST,86.9
01/17/2022,8,HB_HOUSTON,88.2
01/17/2022,8,HB_NORTH,90.79
01/17/2022,8,HB_SOUTH,89.45
01/17/2022,8,HB_WEST,90.63
01/17/2022,9,HB_HOUSTON,51.32
01/17/2022,9,HB_NORTH,52.33
01/17/2022,9,HB_SOUTH,51.81
01/17/2022,9,HB_WEST,52.3
01/17/2022,10,HB_HOUSTON,35.66
01/17/2022,10,HB_NORTH,36.31
01/17/2022,10,HB_SOUTH,36.43
01/17/2022,10,HB_WEST,36.24
01/17/2022,11,HB_HOUSTON,33.64
01/17/2022,11,HB_NORTH,34.07
01/17/2022,11,HB_SOUTH,34.3
01/17/2022,11,HB_WEST,33.89
01/17/2022,12,HB_HOUSTON,31.17
01/17/2022,12,HB_NORTH,31.56
01/17/2022,12,HB_SOUTH,31.96
01/17/2022,12,HB_WEST,31.09
01/17/2022,13,HB_HOUSTON,29.85
01/17/2022,13,HB_NORTH,29.96
01/17/2022,13,HB_SOUTH,30.4
01/17/2022,13,HB_WEST,29.13
01/17/2022,14,HB_HOUSTON,27.65
01/17/2022,14,HB_NORTH,27.65
01/17/2022,14,HB_SOUTH,27.96
01/17/2022,14,HB_WEST,26.92
01/17/2022,15,HB_HOUSTON,26.08
01/17/2022,15,HB_NORTH,26.06
01/17/2022,15,HB_SOUTH,26.16
01/17/2022,15,HB_WEST,24.99
01/17/2022,16,HB_HOUSTON,25.23
01/17/2022,16,HB_NORTH,25.14
01/17/2022,16,HB_SOUTH,25.25
01/17/2022,16,HB_WEST,24.1
01/17/2022,17,HB_HOUSTON,26.86
01/17/2022,17,HB_NORTH,26.8
01/17/2022,17,HB_SOUTH,26.78
01/17/2022,17,HB_WEST,25.63
01/17/2022,18,HB_HOUSTON,44.21
01/17/2022,18,HB_NORTH,44.26
01/17/2022,18,HB_SOUTH,44.16
01/17/2022,18,HB_WEST,43.14
01/17/2022,19,HB_HOUSTON,36.39
01/17/2022,19,HB_NORTH,36.25
01/17/2022,19,HB_SOUTH,36.18
01/17/2022,19,HB_WEST,34.98
01/17/2022,20,HB_HOUSTON,30.5
01/17/2022,20,HB_NORTH,29.92
01/17/2022,20,HB_SOUTH,29.42
01/17/2022,20,HB_WEST,26.26
01/17/2022,21,HB_HOUSTON,29.51
01/17/2022,21,HB_NORTH,28.1
01/17/2022,21,HB_SOUTH,26.28
01/17/2022,21,HB_WEST,16.27
01/17/2022,22,HB_HOUSTON,28.06
01/17/2022,22,HB_NORTH,26
01/17/2022,22,HB_SOUTH,24.47
01/17/2022,22,HB_WEST,8.41
01/17/2022,23,HB_HOUSTON,27.51
01/17/2022,23,HB_NORTH,24.63
01/17/2022,23,HB_SOUTH,22.38
01/17/2022,23,HB_WEST,0.64
01/17/2022,24,HB_HOUSTON,23.46
01/17/2022,24,HB_NORTH,22.37
01/17/2022,24,HB_SOUTH,19.51
01/17/2022,24,HB_WEST,1.3
01/18/2022,1,HB_HOUSTON,20.56
01/18/2022,1,HB_NORTH,18.84
01/18/2022,1,HB_SOUTH,16.23
01/18/2022,1,HB_WEST,-0.29
01/18/2022,2,HB_HOUSTON,20.37
01/18/2022,2,HB_NORTH,18.79
01/18/2022,2,HB_SOUTH,15.63
01/18/2022,2,HB_WEST,-0.29
01/18/2022,3,HB_HOUSTON,20.55
01/18/2022,3,HB_NORTH,18.91
01/18/2022,3,HB_SOUTH,15.54
01/18/2022,3,HB_WEST,-0.28
01/18/2022,4,HB_HOUSTON,21.14
01/18/2022,4,HB_NORTH,19.46
01/18/2022,4,HB_SOUTH,15.86
01/18/2022,4,HB_WEST,0.01
01/18/2022,5,HB_HOUSTON,23.67
01/18/2022,5,HB_NORTH,22.51
01/18/2022,5,HB_SOUTH,18.4
01/18/2022,5,HB_WEST,1.18
01/18/2022,6,HB_HOUSTON,34.4
01/18/2022,6,HB_NORTH,33.3
01/18/2022,6,HB_SOUTH,26.98
01/18/2022,6,HB_WEST,6.22
01/18/2022,7,HB_HOUSTON,42.92
01/18/2022,7,HB_NORTH,41.9
01/18/2022,7,HB_SOUTH,39.13
01/18/2022,7,HB_WEST,22.12
01/18/2022,8,HB_HOUSTON,45.74
01/18/2022,8,HB_NORTH,44.67
01/18/2022,8,HB_SOUTH,41.94
01/18/2022,8,HB_WEST,26.27
01/18/2022,9,HB_HOUSTON,32.57
01/18/2022,9,HB_NORTH,31.45
01/18/2022,9,HB_SOUTH,29.41
01/18/2022,9,HB_WEST,11.32
01/18/2022,10,HB_HOUSTON,29.34
01/18/2022,10,HB_NORTH,27.43
01/18/2022,10,HB_SOUTH,25.78
01/18/2022,10,HB_WEST,0.26
01/18/2022,11,HB_HOUSTON,25.02
01/18/2022,11,HB_NORTH,23.25
01/18/2022,11,HB_SOUTH,21.7
01/18/2022,11,HB_WEST,0.01
01/18/2022,12,HB_HOUSTON,24.04
01/18/2022,12,HB_NORTH,22.51
01/18/2022,12,HB_SOUTH,18.59
01/18/2022,12,HB_WEST,-0.29
01/18/2022,13,HB_HOUSTON,23.61
01/18/2022,13,HB_NORTH,22.28
01/18/2022,13,HB_SOUTH,17.35
01/18/2022,13,HB_WEST,-1.05
01/18/2022,14,HB_HOUSTON,22.34
01/18/2022,14,HB_NORTH,20.83
01/18/2022,14,HB_SOUTH,17.05
01/18/2022,14,HB_WEST,-1.22
01/18/2022,15,HB_HOUSTON,23.98
01/18/2022,15,HB_NORTH,19.76
01/18/2022,15,HB_SOUTH,16.69
01/18/2022,15,HB_WEST,-1.22
01/18/2022,16,HB_HOUSTON,23.16
01/18/2022,16,HB_NORTH,18.88
01/18/2022,16,HB_SOUTH,17.36
01/18/2022,16,HB_WEST,-0.28
01/18/2022,17,HB_HOUSTON,25.09
01/18/2022,17,HB_NORTH,21.39
01/18/2022,17,HB_SOUTH,19.78
01/18/2022,17,HB_WEST,3.53
01/18/2022,18,HB_HOUSTON,40.05
01/18/2022,18,HB_NORTH,39.17
01/18/2022,18,HB_SOUTH,35.99
01/18/2022,18,HB_WEST,34.79
01/18/2022,19,HB_HOUSTON,46.74
01/18/2022,19,HB_NORTH,45.91
01/18/2022,19,HB_SOUTH,39.63
01/18/2022,19,HB_WEST,38.01
01/18/2022,20,HB_HOUSTON,30.43
01/18/2022,20,HB_NORTH,30.2
01/18/2022,20,HB_SOUTH,25.28
01/18/2022,20,HB_WEST,22.58
01/18/2022,21,HB_HOUSTON,30.8
01/18/2022,21,HB_NORTH,29.78
01/18/2022,21,HB_SOUTH,25.91
01/18/2022,21,HB_WEST,22.02
01/18/2022,22,HB_HOUSTON,27.9
01/18/2022,22,HB_NORTH,26.23
01/18/2022,22,HB_SOUTH,19.75
01/18/2022,22,HB_WEST,16.15
01/18/2022,23,HB_HOUSTON,25.43
01/18/2022,23,HB_NORTH,25.53
01/18/2022,23,HB_SOUTH,18.88
01/18/2022,23,HB_WEST,11.99
01/18/2022,24,HB_HOUSTON,22.83
01/18/2022,24,HB_NORTH,23.41
01/18/2022,24,HB_SOUTH,17.59
01/18/2022,24,HB_WEST,16
01/19/2022,1,HB_HOUSTON,20.63
01/19/2022,1,HB_NORTH,21.21
01/19/2022,1,HB_SOUTH,16.85
01/19/2022,1,HB_WEST,14.88
01/19/2022,2,HB_HOUSTON,17.71
01/19/2022,2,HB_NORTH,18.34
01/19/2022,2,HB_SOUTH,13.9
01/19/2022,2,HB_WEST,11.68
01/19/2022,3,HB_HOUSTON,16.87
01/19/2022,3,HB_NORTH,17.41
01/19/2022,3,HB_SOUTH,13.75
01/19/2022,3,HB_WEST,12.74
01/19/2022,4,HB_HOUSTON,18.27
01/19/2022,4,HB_NORTH,18.7
01/19/2022,4,HB_SOUTH,14.94
01/19/2022,4,HB_WEST,13.96
01/19/2022,5,HB_HOUSTON,21.13
01/19/2022,5,HB_NORTH,21.55
01/19/2022,5,HB_SOUTH,17.53
01/19/2022,5,HB_WEST,15.97
01/19/2022,6,HB_HOUSTON,28.5
01/19/2022,6,HB_NORTH,28.8
01/19/2022,6,HB_SOUTH,25
01/19/2022,6,HB_WEST,23.13
01/19/2022,7,HB_HOUSTON,36.95
01/19/2022,7,HB_NORTH,36.88
01/19/2022,7,HB_SOUTH,33.84
01/19/2022,7,HB_WEST,31.78
01/19/2022,8,HB_HOUSTON,39.67
01/19/2022,8,HB_NORTH,39.47
01/19/2022,8,HB_SOUTH,36.81
01/19/2022,8,HB_WEST,33.8
01/19/2022,9,HB_HOUSTON,32.91
01/19/2022,9,HB_NORTH,32.55
01/19/2022,9,HB_SOUTH,29.99
01/19/2022,9,HB_WEST,25.79
01/19/2022,10,HB_HOUSTON,25.51
01/19/2022,10,HB_NORTH,22.33
01/19/2022,10,HB_SOUTH,23.3
01/19/2022,10,HB_WEST,13.98
01/19/2022,11,HB_HOUSTON,25.6
01/19/2022,11,HB_NORTH,20.32
01/19/2022,11,HB_SOUTH,22.06
01/19/2022,11,HB_WEST,6.83
01/19/2022,12,HB_HOUSTON,25.53
01/19/2022,12,HB_NORTH,20
01/19/2022,12,HB_SOUTH,21.66
01/19/2022,12,HB_WEST,5.68
01/19/2022,13,HB_HOUSTON,27.59
01/19/2022,13,HB_NORTH,22.62
01/19/2022,13,HB_SOUTH,23.97
01/19/2022,13,HB_WEST,6
01/19/2022,14,HB_HOUSTON,27.01
01/19/2022,14,HB_NORTH,21
01/19/2022,14,HB_SOUTH,23.2
01/19/2022,14,HB_WEST,4.87
01/19/2022,15,HB_HOUSTON,26.26
01/19/2022,15,HB_NORTH,20.56
01/19/2022,15,HB_SOUTH,23.97
01/19/2022,15,HB_WEST,2.06
01/19/2022,16,HB_HOUSTON,25.37
01/19/2022,16,HB_NORTH,19.36
01/19/2022,16,HB_SOUTH,24.59
01/19/2022,16,HB_WEST,0.01
01/19/2022,17,HB_HOUSTON,27.73
01/19/2022,17,HB_NORTH,22.28
01/19/2022,17,HB_SOUTH,27.63
01/19/2022,17,HB_WEST,0.01
01/19/2022,18,HB_HOUSTON,39.8
01/19/2022,18,HB_NORTH,35.76
01/19/2022,18,HB_SOUTH,38.64
01/19/2022,18,HB_WEST,7.09
01/19/2022,19,HB_HOUSTON,41.34
01/19/2022,19,HB_NORTH,38.03
01/19/2022,19,HB_SOUTH,37.74
01/19/2022,19,HB_WEST,7.46
01/19/2022,20,HB_HOUSTON,34.25
01/19/2022,20,HB_NORTH,30.28
01/19/2022,20,HB_SOUTH,30.55
01/19/2022,20,HB_WEST,0.01
01/19/2022,21,HB_HOUSTON,31.61
01/19/2022,21,HB_NORTH,26.78
01/19/2022,21,HB_SOUTH,28.16
01/19/2022,21,HB_WEST,-0.28
01/19/2022,22,HB_HOUSTON,28.73
01/19/2022,22,HB_NORTH,24.65
01/19/2022,22,HB_SOUTH,26.24
01/19/2022,22,HB_WEST,-0.28
01/19/2022,23,HB_HOUSTON,30.15
01/19/2022,23,HB_NORTH,27.98
01/19/2022,23,HB_SOUTH,26.82
01/19/2022,23,HB_WEST,-0.28
01/19/2022,24,HB_HOUSTON,29.24
01/19/2022,24,HB_NORTH,27.67
01/19/2022,24,HB_SOUTH,25.83
01/19/2022,24,HB_WEST,-0.28
01/20/2022,1,HB_HOUSTON,26.25
01/20/2022,1,HB_NORTH,25.36
01/20/2022,1,HB_SOUTH,21.88
01/20/2022,1,HB_WEST,6.18
01/20/2022,2,HB_HOUSTON,27.38
01/20/2022,2,HB_NORTH,27.21
01/20/2022,2,HB_SOUTH,23.7
01/20/2022,2,HB_WEST,13.12
01/20/2022,3,HB_HOUSTON,28.27
01/20/2022,3,HB_NORTH,28.6
01/20/2022,3,HB_SOUTH,25.16
01/20/2022,3,HB_WEST,18.92
01/20/2022,4,HB_HOUSTON,28.32
01/20/2022,4,HB_NORTH,29.23
01/20/2022,4,HB_SOUTH,24.95
01/20/2022,4,HB_WEST,21.25
01/20/2022,5,HB_HOUSTON,29.46
01/20/2022,5,HB_NORTH,31.19
01/20/2022,5,HB_SOUTH,24.98
01/20/2022,5,HB_WEST,25.72
01/20/2022,6,HB_HOUSTON,35
01/20/2022,6,HB_NORTH,38.41
01/20/2022,6,HB_SOUTH,28.29
01/20/2022,6,HB_WEST,33.31
01/20/2022,7,HB_HOUSTON,39.03
01/20/2022,7,HB_NORTH,44.54
01/20/2022,7,HB_SOUTH,31.11
01/20/2022,7,HB_WEST,40.13
01/20/2022,8,HB_HOUSTON,42.77
01/20/2022,8,HB_NORTH,49.52
01/20/2022,8,HB_SOUTH,30.71
01/20/2022,8,HB_WEST,43.96
01/20/2022,9,HB_HOUSTON,43.24
01/20/2022,9,HB_NORTH,46.55
01/20/2022,9,HB_SOUTH,33.61
01/20/2022,9,HB_WEST,41.94
01/20/2022,10,HB_HOUSTON,40.78
01/20/2022,10,HB_NORTH,42.88
01/20/2022,10,HB_SOUTH,33.4
01/20/2022,10,HB_WEST,36.86
01/20/2022,11,HB_HOUSTON,39.76
01/20/2022,11,HB_NORTH,41.7
01/20/2022,11,HB_SOUTH,33.58
01/20/2022,11,HB_WEST,37.19
01/20/2022,12,HB_HOUSTON,40.78
01/20/2022,12,HB_NORTH,42.53
01/20/2022,12,HB_SOUTH,35.37
01/20/2022,12,HB_WEST,39.39
01/20/2022,13,HB_HOUSTON,38.97
01/20/2022,13,HB_NORTH,40.71
01/20/2022,13,HB_SOUTH,34.47
01/20/2022,13,HB_WEST,38.47
01/20/2022,14,HB_HOUSTON,38.62
01/20/2022,14,HB_NORTH,40.6
01/20/2022,14,HB_SOUTH,34.92
01/20/2022,14,HB_WEST,40.33
01/20/2022,15,HB_HOUSTON,34.98
01/20/2022,15,HB_NORTH,37.12
01/20/2022,15,HB_SOUTH,31.25
01/20/2022,15,HB_WEST,37.38
01/20/2022,16,HB_HOUSTON,37.48
01/20/2022,16,HB_NORTH,39.72
01/20/2022,16,HB_SOUTH,33.59
01/20/2022,16,HB_WEST,40.05
01/20/2022,17,HB_HOUSTON,41.94
01/20/2022,17,HB_NORTH,45
01/20/2022,17,HB_SOUTH,36.48
01/20/2022,17,HB_WEST,44.79
01/20/2022,18,HB_HOUSTON,75.44
01/20/2022,18,HB_NORTH,80
01/20/2022,18,HB_SOUTH,67.17
01/20/2022,18,HB_WEST,80.32
01/20/2022,19,HB_HOUSTON,88.94
01/20/2022,19,HB_NORTH,95.17
01/20/2022,19,HB_SOUTH,80.48
01/20/2022,19,HB_WEST,95.59
01/20/2022,20,HB_HOUSTON,85.23
01/20/2022,20,HB_NORTH,89.75
01/20/2022,20,HB_SOUTH,80.04
01/20/2022,20,HB_WEST,90.97
01/20/2022,21,HB_HOUSTON,78.02
01/20/2022,21,HB_NORTH,82.07
01/20/2022,21,HB_SOUTH,73.84
01/20/2022,21,HB_WEST,83.23
01/20/2022,22,HB_HOUSTON,54.76
01/20/2022,22,HB_NORTH,56.58
01/20/2022,22,HB_SOUTH,51.06
01/20/2022,22,HB_WEST,57.11
01/20/2022,23,HB_HOUSTON,37.03
01/20/2022,23,HB_NORTH,38.5
01/20/2022,23,HB_SOUTH,34.85
01/20/2022,23,HB_WEST,38.95
01/20/2022,24,HB_HOUSTON,36.45
01/20/2022,24,HB_NORTH,37.51
01/20/2022,24,HB_SOUTH,34.84
01/20/2022,24,HB_WEST,37.96
01/21/2022,1,HB_HOUSTON,30.97
01/21/2022,1,HB_NORTH,32.44
01/21/2022,1,HB_SOUTH,30.42
01/21/2022,1,HB_WEST,32.89
01/21/2022,2,HB_HOUSTON,30.55
01/21/2022,2,HB_NORTH,32.23
01/21/2022,2,HB_SOUTH,30.42
01/21/2022,2,HB_WEST,32.74
01/21/2022,3,HB_HOUSTON,30.61
01/21/2022,3,HB_NORTH,32.24
01/21/2022,3,HB_SOUTH,30.38
01/21/2022,3,HB_WEST,32.75
01/21/2022,4,HB_HOUSTON,30.81
01/21/2022,4,HB_NORTH,32.34
01/21/2022,4,HB_SOUTH,30.42
01/21/2022,4,HB_WEST,32.85
01/21/2022,5,HB_HOUSTON,34.35
01/21/2022,5,HB_NORTH,36.2
01/21/2022,5,HB_SOUTH,33.25
01/21/2022,5,HB_WEST,36.58
01/21/2022,6,HB_HOUSTON,40.92
01/21/2022,6,HB_NORTH,44.73
01/21/2022,6,HB_SOUTH,38.8
01/21/2022,6,HB_WEST,44.86
01/21/2022,7,HB_HOUSTON,107.28
01/21/2022,7,HB_NORTH,125
01/21/2022,7,HB_SOUTH,100.33
01/21/2022,7,HB_WEST,121.43
01/21/2022,8,HB_HOUSTON,126.22
01/21/2022,8,HB_NORTH,149.67
01/21/2022,8,HB_SOUTH,118.88
01/21/2022,8,HB_WEST,144.69
01/21/2022,9,HB_HOUSTON,60.2
01/21/2022,9,HB_NORTH,68.83
01/21/2022,9,HB_SOUTH,55.2
01/21/2022,9,HB_WEST,66.23
01/21/2022,10,HB_HOUSTON,43.8
01/21/2022,10,HB_NORTH,45.88
01/21/2022,10,HB_SOUTH,41.08
01/21/2022,10,HB_WEST,44.26
01/21/2022,11,HB_HOUSTON,40.75
01/21/2022,11,HB_NORTH,40.84
01/21/2022,11,HB_SOUTH,39.36
01/21/2022,11,HB_WEST,37.22
01/21/2022,12,HB_HOUSTON,34.47
01/21/2022,12,HB_NORTH,34.5
01/21/2022,12,HB_SOUTH,33.86
01/21/2022,12,HB_WEST,31.74
01/21/2022,13,HB_HOUSTON,30
01/21/2022,13,HB_NORTH,29.94
01/21/2022,13,HB_SOUTH,29.61
01/21/2022,13,HB_WEST,28
01/21/2022,14,HB_HOUSTON,28.47
01/21/2022,14,HB_NORTH,28.39
01/21/2022,14,HB_SOUTH,28.02
01/21/2022,14,HB_WEST,26.21
01/21/2022,15,HB_HOUSTON,27.8
01/21/2022,15,HB_NORTH,27.7
01/21/2022,15,HB_SOUTH,27.37
01/21/2022,15,HB_WEST,25.65
01/21/2022,16,HB_HOUSTON,28.03
01/21/2022,16,HB_NORTH,27.94
01/21/2022,16,HB_SOUTH,27.59
01/21/2022,16,HB_WEST,25.77
01/21/2022,17,HB_HOUSTON,29.76
01/21/2022,17,HB_NORTH,29.66
01/21/2022,17,HB_SOUTH,29.33
01/21/2022,17,HB_WEST,27.5
01/21/2022,18,HB_HOUSTON,40.91
01/21/2022,18,HB_NORTH,40.72
01/21/2022,18,HB_SOUTH,40.41
01/21/2022,18,HB_WEST,38.1
01/21/2022,19,HB_HOUSTON,42.65
01/21/2022,19,HB_NORTH,42.53
01/21/2022,19,HB_SOUTH,42.18
01/21/2022,19,HB_WEST,40.2
01/21/2022,20,HB_HOUSTON,36.21
01/21/2022,20,HB_NORTH,36.03
01/21/2022,20,HB_SOUTH,35.91
01/21/2022,20,HB_WEST,31.87
01/21/2022,21,HB_HOUSTON,33.98
01/21/2022,21,HB_NORTH,33.98
01/21/2022,21,HB_SOUTH,33.43
01/21/2022,21,HB_WEST,29.34
01/21/2022,22,HB_HOUSTON,32.49
01/21/2022,22,HB_NORTH,32.67
01/21/2022,22,HB_SOUTH,32.47
01/21/2022,22,HB_WEST,28.72
01/21/2022,23,HB_HOUSTON,28.26
01/21/2022,23,HB_NORTH,28.66
01/21/2022,23,HB_SOUTH,28.93
01/21/2022,23,HB_WEST,25.95
01/21/2022,24,HB_HOUSTON,27.91
01/21/2022,24,HB_NORTH,28.12
01/21/2022,24,HB_SOUTH,28.16
01/21/2022,24,HB_WEST,25.8
01/22/2022,1,HB_HOUSTON,30.07
01/22/2022,1,HB_NORTH,30.15
01/22/2022,1,HB_SOUTH,29.92
01/22/2022,1,HB_WEST,29.62
01/22/2022,2,HB_HOUSTON,31.02
01/22/2022,2,HB_NORTH,31.13
01/22/2022,2,HB_SOUTH,30.93
01/22/2022,2,HB_WEST,30.66
01/22/2022,3,HB_HOUSTON,32.73
01/22/2022,3,HB_NORTH,32.83
01/22/2022,3,HB_SOUTH,32.66
01/22/2022,3,HB_WEST,32.67
01/22/2022,4,HB_HOUSTON,35.05
01/22/2022,4,HB_NORTH,35.17
01/22/2022,4,HB_SOUTH,35
01/22/2022,4,HB_WEST,35.19
01/22/2022,5,HB_HOUSTON,36.73
01/22/2022,5,HB_NORTH,37.25
01/22/2022,5,HB_SOUTH,36.33
01/22/2022,5,HB_WEST,37.18
01/22/2022,6,HB_HOUSTON,41.96
01/22/2022,6,HB_NORTH,44.99
01/22/2022,6,HB_SOUTH,41.03
01/22/2022,6,HB_WEST,43.72
01/22/2022,7,HB_HOUSTON,71.82
01/22/2022,7,HB_NORTH,78.99
01/22/2022,7,HB_SOUTH,69.34
01/22/2022,7,HB_WEST,75.97
01/22/2022,8,HB_HOUSTON,85.11
01/22/2022,8,HB_NORTH,93.45
01/22/2022,8,HB_SOUTH,82.47
01/22/2022,8,HB_WEST,91.06
01/22/2022,9,HB_HOUSTON,54.51
01/22/2022,9,HB_NORTH,59.5
01/22/2022,9,HB_SOUTH,52.98
01/22/2022,9,HB_WEST,57.72
01/22/2022,10,HB_HOUSTON,39.66
01/22/2022,10,HB_NORTH,41.32
01/22/2022,10,HB_SOUTH,39.26
01/22/2022,10,HB_WEST,40.53
01/22/2022,11,HB_HOUSTON,33.5
01/22/2022,11,HB_NORTH,33.66
01/22/2022,11,HB_SOUTH,33.58
01/22/2022,11,HB_WEST,33.74
01/22/2022,12,HB_HOUSTON,26.37
01/22/2022,12,HB_NORTH,26.43
01/22/2022,12,HB_SOUTH,26.32
01/22/2022,12,HB_WEST,26.44
01/22/2022,13,HB_HOUSTON,24.36
01/22/2022,13,HB_NORTH,24.4
01/22/2022,13,HB_SOUTH,24.32
01/22/2022,13,HB_WEST,24.41
01/22/2022,14,HB_HOUSTON,23.73
01/22/2022,14,HB_NORTH,23.77
01/22/2022,14,HB_SOUTH,23.7
01/22/2022,14,HB_WEST,23.77
01/22/2022,15,HB_HOUSTON,22.17
01/22/2022,15,HB_NORTH,22.2
01/22/2022,15,HB_SOUTH,22.13
01/22/2022,15,HB_WEST,22.2
01/22/2022,16,HB_HOUSTON,22.15
01/22/2022,16,HB_NORTH,22.18
01/22/2022,16,HB_SOUTH,22.1
01/22/2022,16,HB_WEST,22.18
01/22/2022,17,HB_HOUSTON,23.15
01/22/2022,17,HB_NORTH,23.18
01/22/2022,17,HB_SOUTH,23.09
01/22/2022,17,HB_WEST,23.18
01/22/2022,18,HB_HOUSTON,35.7
01/22/2022,18,HB_NORTH,35.78
01/22/2022,18,HB_SOUTH,35.57
01/22/2022,18,HB_WEST,35.78
01/22/2022,19,HB_HOUSTON,42.53
01/22/2022,19,HB_NORTH,42.74
01/22/2022,19,HB_SOUTH,42.27
01/22/2022,19,HB_WEST,42.74
01/22/2022,20,HB_HOUSTON,38.55
01/22/2022,20,HB_NORTH,38.78
01/22/2022,20,HB_SOUTH,38.31
01/22/2022,20,HB_WEST,38.78
01/22/2022,21,HB_HOUSTON,37.75
01/22/2022,21,HB_NORTH,37.91
01/22/2022,21,HB_SOUTH,37.69
01/22/2022,21,HB_WEST,38.02
01/22/2022,22,HB_HOUSTON,34.84
01/22/2022,22,HB_NORTH,34.97
01/22/2022,22,HB_SOUTH,34.72
01/22/2022,22,HB_WEST,34.99
01/22/2022,23,HB_HOUSTON,31.02
01/22/2022,23,HB_NORTH,31.1
01/22/2022,23,HB_SOUTH,30.94
01/22/2022,23,HB_WEST,31.11
01/22/2022,24,HB_HOUSTON,31.22
01/22/2022,24,HB_NORTH,31.28
01/22/2022,24,HB_SOUTH,31.15
01/22/2022,24,HB_WEST,31.29
01/23/2022,1,HB_HOUSTON,28.99
01/23/2022,1,HB_NORTH,29.01
01/23/2022,1,HB_SOUTH,28.95
01/23/2022,1,HB_WEST,29.1
01/23/2022,2,HB_HOUSTON,26.76
01/23/2022,2,HB_NORTH,26.79
01/23/2022,2,HB_SOUTH,26.72
01/23/2022,2,HB_WEST,26.87
01/23/2022,3,HB_HOUSTON,26.14
01/23/2022,3,HB_NORTH,26.14
01/23/2022,3,HB_SOUTH,26.11
01/23/2022,3,HB_WEST,26.27
01/23/2022,4,HB_HOUSTON,25.99
01/23/2022,4,HB_NORTH,25.99
01/23/2022,4,HB_SOUTH,25.97
01/23/2022,4,HB_WEST,26.15
01/23/2022,5,HB_HOUSTON,27.37
01/23/2022,5,HB_NORTH,27.37
01/23/2022,5,HB_SOUTH,27.33
01/23/2022,5,HB_WEST,27.54
01/23/2022,6,HB_HOUSTON,30.89
01/23/2022,6,HB_NORTH,30.9
01/23/2022,6,HB_SOUTH,30.46
01/23/2022,6,HB_WEST,31.06
01/23/2022,7,HB_HOUSTON,33.39
01/23/2022,7,HB_NORTH,33.64
01/23/2022,7,HB_SOUTH,32.1
01/23/2022,7,HB_WEST,33.73
01/23/2022,8,HB_HOUSTON,43.63
01/23/2022,8,HB_NORTH,43.89
01/23/2022,8,HB_SOUTH,42.34
01/23/2022,8,HB_WEST,43.99
01/23/2022,9,HB_HOUSTON,41.99
01/23/2022,9,HB_NORTH,42.27
01/23/2022,9,HB_SOUTH,41.28
01/23/2022,9,HB_WEST,42.28
01/23/2022,10,HB_HOUSTON,37.72
01/23/2022,10,HB_NORTH,37.88
01/23/2022,10,HB_SOUTH,37.4
01/23/2022,10,HB_WEST,37.87
01/23/2022,11,HB_HOUSTON,34.67
01/23/2022,11,HB_NORTH,34.75
01/23/2022,11,HB_SOUTH,34.56
01/23/2022,11,HB_WEST,34.75
01/23/2022,12,HB_HOUSTON,26.73
01/23/2022,12,HB_NORTH,26.84
01/23/2022,12,HB_SOUTH,26.73
01/23/2022,12,HB_WEST,26.85
01/23/2022,13,HB_HOUSTON,24.23
01/23/2022,13,HB_NORTH,24.27
01/23/2022,13,HB_SOUTH,24.21
01/23/2022,13,HB_WEST,24.26
01/23/2022,14,HB_HOUSTON,23.18
01/23/2022,14,HB_NORTH,23.2
01/23/2022,14,HB_SOUTH,23.17
01/23/2022,14,HB_WEST,23.2
01/23/2022,15,HB_HOUSTON,22.4
01/23/2022,15,HB_NORTH,22.41
01/23/2022,15,HB_SOUTH,22.4
01/23/2022,15,HB_WEST,22.41
01/23/2022,16,HB_HOUSTON,22.23
01/23/2022,16,HB_NORTH,22.23
01/23/2022,16,HB_SOUTH,22.22
01/23/2022,16,HB_WEST,22.23
01/23/2022,17,HB_HOUSTON,25
01/23/2022,17,HB_NORTH,25.03
01/23/2022,17,HB_SOUTH,24.95
01/23/2022,17,HB_WEST,25.03
01/23/2022,18,HB_HOUSTON,38.89
01/23/2022,18,HB_NORTH,38.98
01/23/2022,18,HB_SOUTH,38.79
01/23/2022,18,HB_WEST,38.97
01/23/2022,19,HB_HOUSTON,42.06
01/23/2022,19,HB_NORTH,42.16
01/23/2022,19,HB_SOUTH,41.95
01/23/2022,19,HB_WEST,42.15
01/23/2022,20,HB_HOUSTON,35.87
01/23/2022,20,HB_NORTH,36
01/23/2022,20,HB_SOUTH,35.79
01/23/2022,20,HB_WEST,35.99
01/23/2022,21,HB_HOUSTON,29.98
01/23/2022,21,HB_NORTH,30.09
01/23/2022,21,HB_SOUTH,29.95
01/23/2022,21,HB_WEST,30.09
01/23/2022,22,HB_HOUSTON,28.34
01/23/2022,22,HB_NORTH,28.44
01/23/2022,22,HB_SOUTH,28.27
01/23/2022,22,HB_WEST,28.44
01/23/2022,23,HB_HOUSTON,27.82
01/23/2022,23,HB_NORTH,28.05
01/23/2022,23,HB_SOUTH,28.18
01/23/2022,23,HB_WEST,28.09
01/23/2022,24,HB_HOUSTON,27.88
01/23/2022,24,HB_NORTH,27.95
01/23/2022,24,HB_SOUTH,27.95
01/23/2022,24,HB_WEST,27.97
01/24/2022,1,HB_HOUSTON,26.63
01/24/2022,1,HB_NORTH,26.65
01/24/2022,1,HB_SOUTH,26.65
01/24/2022,1,HB_WEST,26.68
01/24/2022,2,HB_HOUSTON,24.27
01/24/2022,2,HB_NORTH,24.28
01/24/2022,2,HB_SOUTH,24.26
01/24/2022,2,HB_WEST,24.3
01/24/2022,3,HB_HOUSTON,23.74
01/24/2022,3,HB_NORTH,23.74
01/24/2022,3,HB_SOUTH,23.75
01/24/2022,3,HB_WEST,23.77
01/24/2022,4,HB_HOUSTON,24.34
01/24/2022,4,HB_NORTH,24.34
01/24/2022,4,HB_SOUTH,24.34
01/24/2022,4,HB_WEST,24.39
01/24/2022,5,HB_HOUSTON,26.57
01/24/2022,5,HB_NORTH,26.57
01/24/2022,5,HB_SOUTH,26.57
01/24/2022,5,HB_WEST,26.63
01/24/2022,6,HB_HOUSTON,30.43
01/24/2022,6,HB_NORTH,30.44
01/24/2022,6,HB_SOUTH,30.41
01/24/2022,6,HB_WEST,30.54
01/24/2022,7,HB_HOUSTON,39.58
01/24/2022,7,HB_NORTH,39.54
01/24/2022,7,HB_SOUTH,39.54
01/24/2022,7,HB_WEST,39.47
01/24/2022,8,HB_HOUSTON,40.44
01/24/2022,8,HB_NORTH,40.41
01/24/2022,8,HB_SOUTH,40.16
01/24/2022,8,HB_WEST,40.31
01/24/2022,9,HB_HOUSTON,36.77
01/24/2022,9,HB_NORTH,36.78
01/24/2022,9,HB_SOUTH,36.74
01/24/2022,9,HB_WEST,36.78
01/24/2022,10,HB_HOUSTON,32.02
01/24/2022,10,HB_NORTH,31.83
01/24/2022,10,HB_SOUTH,31.76
01/24/2022,10,HB_WEST,31.67
01/24/2022,11,HB_HOUSTON,29.91
01/24/2022,11,HB_NORTH,29.76
01/24/2022,11,HB_SOUTH,30.03
01/24/2022,11,HB_WEST,29.85
01/24/2022,12,HB_HOUSTON,28.7
01/24/2022,12,HB_NORTH,28.71
01/24/2022,12,HB_SOUTH,28.9
01/24/2022,12,HB_WEST,28.73
01/24/2022,13,HB_HOUSTON,25.59
01/24/2022,13,HB_NORTH,25.56
01/24/2022,13,HB_SOUTH,25.67
01/24/2022,13,HB_WEST,25.57
01/24/2022,14,HB_HOUSTON,24.78
01/24/2022,14,HB_NORTH,24.75
01/24/2022,14,HB_SOUTH,24.83
01/24/2022,14,HB_WEST,24.75
01/24/2022,15,HB_HOUSTON,23.98
01/24/2022,15,HB_NORTH,23.93
01/24/2022,15,HB_SOUTH,23.93
01/24/2022,15,HB_WEST,23.93
01/24/2022,16,HB_HOUSTON,24.09
01/24/2022,16,HB_NORTH,23.95
01/24/2022,16,HB_SOUTH,23.98
01/24/2022,16,HB_WEST,23.95
01/24/2022,17,HB_HOUSTON,25.31
01/24/2022,17,HB_NORTH,25.23
01/24/2022,17,HB_SOUTH,25.33
01/24/2022,17,HB_WEST,25.22
01/24/2022,18,HB_HOUSTON,48.9
01/24/2022,18,HB_NORTH,49.03
01/24/2022,18,HB_SOUTH,49.02
01/24/2022,18,HB_WEST,49.05
01/24/2022,19,HB_HOUSTON,51.26
01/24/2022,19,HB_NORTH,51.51
01/24/2022,19,HB_SOUTH,51.64
01/24/2022,19,HB_WEST,51.6
01/24/2022,20,HB_HOUSTON,49.92
01/24/2022,20,HB_NORTH,50
01/24/2022,20,HB_SOUTH,49.85
01/24/2022,20,HB_WEST,50.04
01/24/2022,21,HB_HOUSTON,38.37
01/24/2022,21,HB_NORTH,38.48
01/24/2022,21,HB_SOUTH,38.47
01/24/2022,21,HB_WEST,38.55
01/24/2022,22,HB_HOUSTON,31.91
01/24/2022,22,HB_NORTH,32.02
01/24/2022,22,HB_SOUTH,32.04
01/24/2022,22,HB_WEST,32.07
01/24/2022,23,HB_HOUSTON,30.4
01/24/2022,23,HB_NORTH,31.13
01/24/2022,23,HB_SOUTH,32.35
01/24/2022,23,HB_WEST,31.3
01/24/2022,24,HB_HOUSTON,31.58
01/24/2022,24,HB_NORTH,31.66
01/24/2022,24,HB_SOUTH,31.81
01/24/2022,24,HB_WEST,31.74
01/25/2022,1,HB_HOUSTON,30.46
01/25/2022,1,HB_NORTH,30.62
01/25/2022,1,HB_SOUTH,31.51
01/25/2022,1,HB_WEST,30.72
01/25/2022,2,HB_HOUSTON,26.97
01/25/2022,2,HB_NORTH,26.98
01/25/2022,2,HB_SOUTH,27.36
01/25/2022,2,HB_WEST,27.03
01/25/2022,3,HB_HOUSTON,26.18
01/25/2022,3,HB_NORTH,26.23
01/25/2022,3,HB_SOUTH,26.3
01/25/2022,3,HB_WEST,26.2
01/25/2022,4,HB_HOUSTON,25.89
01/25/2022,4,HB_NORTH,25.91
01/25/2022,4,HB_SOUTH,25.9
01/25/2022,4,HB_WEST,25.82
01/25/2022,5,HB_HOUSTON,28.06
01/25/2022,5,HB_NORTH,28.06
01/25/2022,5,HB_SOUTH,28.08
01/25/2022,5,HB_WEST,27.9
01/25/2022,6,HB_HOUSTON,31.87
01/25/2022,6,HB_NORTH,31.88
01/25/2022,6,HB_SOUTH,31.99
01/25/2022,6,HB_WEST,31.88
01/25/2022,7,HB_HOUSTON,45.02
01/25/2022,7,HB_NORTH,45.42
01/25/2022,7,HB_SOUTH,45.82
01/25/2022,7,HB_WEST,45.1
01/25/2022,8,HB_HOUSTON,43.8
01/25/2022,8,HB_NORTH,44.01
01/25/2022,8,HB_SOUTH,43.7
01/25/2022,8,HB_WEST,43
01/25/2022,9,HB_HOUSTON,31.6
01/25/2022,9,HB_NORTH,31.6
01/25/2022,9,HB_SOUTH,31.63
01/25/2022,9,HB_WEST,31.03
01/25/2022,10,HB_HOUSTON,29.66
01/25/2022,10,HB_NORTH,29.62
01/25/2022,10,HB_SOUTH,29.47
01/25/2022,10,HB_WEST,28.32
01/25/2022,11,HB_HOUSTON,26.38
01/25/2022,11,HB_NORTH,26.13
01/25/2022,11,HB_SOUTH,26.29
01/25/2022,11,HB_WEST,25.35
01/25/2022,12,HB_HOUSTON,26.07
01/25/2022,12,HB_NORTH,25.8
01/25/2022,12,HB_SOUTH,25.92
01/25/2022,12,HB_WEST,24.92
01/25/2022,13,HB_HOUSTON,25.43
01/25/2022,13,HB_NORTH,25.21
01/25/2022,13,HB_SOUTH,25.23
01/25/2022,13,HB_WEST,24.33
01/25/2022,14,HB_HOUSTON,24.7
01/25/2022,14,HB_NORTH,24.5
01/25/2022,14,HB_SOUTH,24.28
01/25/2022,14,HB_WEST,23.64
01/25/2022,15,HB_HOUSTON,23.38
01/25/2022,15,HB_NORTH,23.21
01/25/2022,15,HB_SOUTH,23.03
01/25/2022,15,HB_WEST,22.26
01/25/2022,16,HB_HOUSTON,22.92
01/25/2022,16,HB_NORTH,22.76
01/25/2022,16,HB_SOUTH,22.56
01/25/2022,16,HB_WEST,21.8
01/25/2022,17,HB_HOUSTON,23.64
01/25/2022,17,HB_NORTH,23.54
01/25/2022,17,HB_SOUTH,23.19
01/25/2022,17,HB_WEST,22.31
01/25/2022,18,HB_HOUSTON,33.63
01/25/2022,18,HB_NORTH,33.55
01/25/2022,18,HB_SOUTH,33.01
01/25/2022,18,HB_WEST,32.39
01/25/2022,19,HB_HOUSTON,35.77
01/25/2022,19,HB_NORTH,35.27
01/25/2022,19,HB_SOUTH,33.52
01/25/2022,19,HB_WEST,30.54
01/25/2022,20,HB_HOUSTON,27.02
01/25/2022,20,HB_NORTH,26.38
01/25/2022,20,HB_SOUTH,24.54
01/25/2022,20,HB_WEST,19.33
01/25/2022,21,HB_HOUSTON,26.78
01/25/2022,21,HB_NORTH,25.6
01/25/2022,21,HB_SOUTH,23.43
01/25/2022,21,HB_WEST,12.16
01/25/2022,22,HB_HOUSTON,25.04
01/25/2022,22,HB_NORTH,22.62
01/25/2022,22,HB_SOUTH,22.27
01/25/2022,22,HB_WEST,5.8
01/25/2022,23,HB_HOUSTON,23.35
01/25/2022,23,HB_NORTH,20.54
01/25/2022,23,HB_SOUTH,21.34
01/25/2022,23,HB_WEST,2.49
01/25/2022,24,HB_HOUSTON,23.08
01/25/2022,24,HB_NORTH,21.31
01/25/2022,24,HB_SOUTH,20.01
01/25/2022,24,HB_WEST,1.01
01/26/2022,1,HB_HOUSTON,20.8
01/26/2022,1,HB_NORTH,20.49
01/26/2022,1,HB_SOUTH,19.1
01/26/2022,1,HB_WEST,11.33
01/26/2022,2,HB_HOUSTON,21.23
01/26/2022,2,HB_NORTH,21.03
01/26/2022,2,HB_SOUTH,19.85
01/26/2022,2,HB_WEST,13.82
01/26/2022,3,HB_HOUSTON,22.66
01/26/2022,3,HB_NORTH,22.51
01/26/2022,3,HB_SOUTH,21.79
01/26/2022,3,HB_WEST,18.2
01/26/2022,4,HB_HOUSTON,25.44
01/26/2022,4,HB_NORTH,25.34
01/26/2022,4,HB_SOUTH,24.87
01/26/2022,4,HB_WEST,23.04
01/26/2022,5,HB_HOUSTON,26.2
01/26/2022,5,HB_NORTH,26.14
01/26/2022,5,HB_SOUTH,25.87
01/26/2022,5,HB_WEST,25
01/26/2022,6,HB_HOUSTON,35.15
01/26/2022,6,HB_NORTH,35.1
01/26/2022,6,HB_SOUTH,34.88
01/26/2022,6,HB_WEST,34.08
01/26/2022,7,HB_HOUSTON,46.25
01/26/2022,7,HB_NORTH,46.49
01/26/2022,7,HB_SOUTH,45.34
01/26/2022,7,HB_WEST,45.99
01/26/2022,8,HB_HOUSTON,52.6
01/26/2022,8,HB_NORTH,56.57
01/26/2022,8,HB_SOUTH,51.61
01/26/2022,8,HB_WEST,56.38
01/26/2022,9,HB_HOUSTON,46.1
01/26/2022,9,HB_NORTH,47.48
01/26/2022,9,HB_SOUTH,44.69
01/26/2022,9,HB_WEST,48.25
01/26/2022,10,HB_HOUSTON,40.89
01/26/2022,10,HB_NORTH,42.03
01/26/2022,10,HB_SOUTH,39.24
01/26/2022,10,HB_WEST,42.75
01/26/2022,11,HB_HOUSTON,37.88
01/26/2022,11,HB_NORTH,38.57
01/26/2022,11,HB_SOUTH,36.5
01/26/2022,11,HB_WEST,38.83
01/26/2022,12,HB_HOUSTON,34.36
01/26/2022,12,HB_NORTH,34.9
01/26/2022,12,HB_SOUTH,33.08
01/26/2022,12,HB_WEST,35.1
01/26/2022,13,HB_HOUSTON,28.87
01/26/2022,13,HB_NORTH,29.1
01/26/2022,13,HB_SOUTH,28.19
01/26/2022,13,HB_WEST,29.17
01/26/2022,14,HB_HOUSTON,27.37
01/26/2022,14,HB_NORTH,27.57
01/26/2022,14,HB_SOUTH,26.73
01/26/2022,14,HB_WEST,27.61
01/26/2022,15,HB_HOUSTON,26.3
01/26/2022,15,HB_NORTH,26.45
01/26/2022,15,HB_SOUTH,25.68
01/26/2022,15,HB_WEST,26.51
01/26/2022,16,HB_HOUSTON,25.78
01/26/2022,16,HB_NORTH,25.97
01/26/2022,16,HB_SOUTH,25.1
01/26/2022,16,HB_WEST,26.07
01/26/2022,17,HB_HOUSTON,26.71
01/26/2022,17,HB_NORTH,27.19
01/26/2022,17,HB_SOUTH,25.12
01/26/2022,17,HB_WEST,27.37
01/26/2022,18,HB_HOUSTON,46.13
01/26/2022,18,HB_NORTH,47.47
01/26/2022,18,HB_SOUTH,43.55
01/26/2022,18,HB_WEST,48.37
01/26/2022,19,HB_HOUSTON,51.73
01/26/2022,19,HB_NORTH,52.9
01/26/2022,19,HB_SOUTH,49.2
01/26/2022,19,HB_WEST,53.82
01/26/2022,20,HB_HOUSTON,44.64
01/26/2022,20,HB_NORTH,45.19
01/26/2022,20,HB_SOUTH,42.8
01/26/2022,20,HB_WEST,45.81
01/26/2022,21,HB_HOUSTON,43.77
01/26/2022,21,HB_NORTH,44.18
01/26/2022,21,HB_SOUTH,42.81
01/26/2022,21,HB_WEST,44.95
01/26/2022,22,HB_HOUSTON,40.29
01/26/2022,22,HB_NORTH,40.4
01/26/2022,22,HB_SOUTH,39.63
01/26/2022,22,HB_WEST,41.15
01/26/2022,23,HB_HOUSTON,35.55
01/26/2022,23,HB_NORTH,35.61
01/26/2022,23,HB_SOUTH,35.14
01/26/2022,23,HB_WEST,36.68
01/26/2022,24,HB_HOUSTON,33.82
01/26/2022,24,HB_NORTH,33.83
01/26/2022,24,HB_SOUTH,33.63
01/26/2022,24,HB_WEST,34.76
01/27/2022,1,HB_HOUSTON,29.05
01/27/2022,1,HB_NORTH,31.27
01/27/2022,1,HB_SOUTH,28.27
01/27/2022,1,HB_WEST,31.45
01/27/2022,2,HB_HOUSTON,28.66
01/27/2022,2,HB_NORTH,29.44
01/27/2022,2,HB_SOUTH,27.79
01/27/2022,2,HB_WEST,30.39
01/27/2022,3,HB_HOUSTON,28.11
01/27/2022,3,HB_NORTH,28.99
01/27/2022,3,HB_SOUTH,26.85
01/27/2022,3,HB_WEST,29.65
01/27/2022,4,HB_HOUSTON,28.24
01/27/2022,4,HB_NORTH,29.21
01/27/2022,4,HB_SOUTH,26.79
01/27/2022,4,HB_WEST,29.93
01/27/2022,5,HB_HOUSTON,30.18
01/27/2022,5,HB_NORTH,31.55
01/27/2022,5,HB_SOUTH,28.45
01/27/2022,5,HB_WEST,32.38
01/27/2022,6,HB_HOUSTON,39.54
01/27/2022,6,HB_NORTH,41.76
01/27/2022,6,HB_SOUTH,36.75
01/27/2022,6,HB_WEST,43.2
01/27/2022,7,HB_HOUSTON,69.6
01/27/2022,7,HB_NORTH,73.51
01/27/2022,7,HB_SOUTH,64.3
01/27/2022,7,HB_WEST,75.48
01/27/2022,8,HB_HOUSTON,66.39
01/27/2022,8,HB_NORTH,71.65
01/27/2022,8,HB_SOUTH,60.23
01/27/2022,8,HB_WEST,74.24
01/27/2022,9,HB_HOUSTON,48.21
01/27/2022,9,HB_NORTH,51.02
01/27/2022,9,HB_SOUTH,45.6
01/27/2022,9,HB_WEST,52.83
01/27/2022,10,HB_HOUSTON,45.76
01/27/2022,10,HB_NORTH,47.29
01/27/2022,10,HB_SOUTH,44.03
01/27/2022,10,HB_WEST,48.04
01/27/2022,11,HB_HOUSTON,37.73
01/27/2022,11,HB_NORTH,38.29
01/27/2022,11,HB_SOUTH,37.42
01/27/2022,11,HB_WEST,38.96
01/27/2022,12,HB_HOUSTON,32.33
01/27/2022,12,HB_NORTH,32.39
01/27/2022,12,HB_SOUTH,31.98
01/27/2022,12,HB_WEST,32.79
01/27/2022,13,HB_HOUSTON,31.07
01/27/2022,13,HB_NORTH,31.12
01/27/2022,13,HB_SOUTH,30.94
01/27/2022,13,HB_WEST,31.3
01/27/2022,14,HB_HOUSTON,28.92
01/27/2022,14,HB_NORTH,29
01/27/2022,14,HB_SOUTH,28.85
01/27/2022,14,HB_WEST,29.19
01/27/2022,15,HB_HOUSTON,26.92
01/27/2022,15,HB_NORTH,27
01/27/2022,15,HB_SOUTH,26.86
01/27/2022,15,HB_WEST,27.19
01/27/2022,16,HB_HOUSTON,27.87
01/27/2022,16,HB_NORTH,28
01/27/2022,16,HB_SOUTH,27.78
01/27/2022,16,HB_WEST,28.21
01/27/2022,17,HB_HOUSTON,29.14
01/27/2022,17,HB_NORTH,29.24
01/27/2022,17,HB_SOUTH,29.13
01/27/2022,17,HB_WEST,29.49
01/27/2022,18,HB_HOUSTON,47.99
01/27/2022,18,HB_NORTH,48
01/27/2022,18,HB_SOUTH,47.77
01/27/2022,18,HB_WEST,48.61
01/27/2022,19,HB_HOUSTON,40.04
01/27/2022,19,HB_NORTH,40
01/27/2022,19,HB_SOUTH,39.98
01/27/2022,19,HB_WEST,40.15
01/27/2022,20,HB_HOUSTON,32.31
01/27/2022,20,HB_NORTH,32.04
01/27/2022,20,HB_SOUTH,31.7
01/27/2022,20,HB_WEST,29.69
01/27/2022,21,HB_HOUSTON,29.21
01/27/2022,21,HB_NORTH,29
01/27/2022,21,HB_SOUTH,28.27
01/27/2022,21,HB_WEST,24.93
01/27/2022,22,HB_HOUSTON,27.36
01/27/2022,22,HB_NORTH,27.02
01/27/2022,22,HB_SOUTH,25.56
01/27/2022,22,HB_WEST,18.23
01/27/2022,23,HB_HOUSTON,29.68
01/27/2022,23,HB_NORTH,29.13
01/27/2022,23,HB_SOUTH,26.71
01/27/2022,23,HB_WEST,15.48
01/27/2022,24,HB_HOUSTON,24.84
01/27/2022,24,HB_NORTH,24.35
01/27/2022,24,HB_SOUTH,22.01
01/27/2022,24,HB_WEST,11.97
01/28/2022,1,HB_HOUSTON,25.34
01/28/2022,1,HB_NORTH,24.71
01/28/2022,1,HB_SOUTH,21.89
01/28/2022,1,HB_WEST,10.61
01/28/2022,2,HB_HOUSTON,24.27
01/28/2022,2,HB_NORTH,23.62
01/28/2022,2,HB_SOUTH,20.68
01/28/2022,2,HB_WEST,8.47
01/28/2022,3,HB_HOUSTON,24.19
01/28/2022,3,HB_NORTH,23.82
01/28/2022,3,HB_SOUTH,22.02
01/28/2022,3,HB_WEST,16.01
01/28/2022,4,HB_HOUSTON,24.25
01/28/2022,4,HB_NORTH,24.3
01/28/2022,4,HB_SOUTH,22.13
01/28/2022,4,HB_WEST,20.65
01/28/2022,5,HB_HOUSTON,26.58
01/28/2022,5,HB_NORTH,28.46
01/28/2022,5,HB_SOUTH,22.95
01/28/2022,5,HB_WEST,25.51
01/28/2022,6,HB_HOUSTON,29.25
01/28/2022,6,HB_NORTH,32.12
01/28/2022,6,HB_SOUTH,24.1
01/28/2022,6,HB_WEST,29.3
01/28/2022,7,HB_HOUSTON,44.73
01/28/2022,7,HB_NORTH,47.32
01/28/2022,7,HB_SOUTH,36.22
01/28/2022,7,HB_WEST,44.89
01/28/2022,8,HB_HOUSTON,58.82
01/28/2022,8,HB_NORTH,66.59
01/28/2022,8,HB_SOUTH,49.08
01/28/2022,8,HB_WEST,63.89
01/28/2022,9,HB_HOUSTON,53.05
01/28/2022,9,HB_NORTH,57.5
01/28/2022,9,HB_SOUTH,44.11
01/28/2022,9,HB_WEST,58.35
01/28/2022,10,HB_HOUSTON,34.69
01/28/2022,10,HB_NORTH,36.95
01/28/2022,10,HB_SOUTH,28.73
01/28/2022,10,HB_WEST,38.53
01/28/2022,11,HB_HOUSTON,35.77
01/28/2022,11,HB_NORTH,35.22
01/28/2022,11,HB_SOUTH,24.21
01/28/2022,11,HB_WEST,34.75
01/28/2022,12,HB_HOUSTON,29.92
01/28/2022,12,HB_NORTH,29.65
01/28/2022,12,HB_SOUTH,21.66
01/28/2022,12,HB_WEST,29.24
01/28/2022,13,HB_HOUSTON,27.72
01/28/2022,13,HB_NORTH,27.56
01/28/2022,13,HB_SOUTH,21.69
01/28/2022,13,HB_WEST,27.12
01/28/2022,14,HB_HOUSTON,25.51
01/28/2022,14,HB_NORTH,25.79
01/28/2022,14,HB_SOUTH,20.89
01/28/2022,14,HB_WEST,25.68
01/28/2022,15,HB_HOUSTON,23.88
01/28/2022,15,HB_NORTH,24.05
01/28/2022,15,HB_SOUTH,21.91
01/28/2022,15,HB_WEST,24
01/28/2022,16,HB_HOUSTON,23.82
01/28/2022,16,HB_NORTH,23.64
01/28/2022,16,HB_SOUTH,22.1
01/28/2022,16,HB_WEST,23.47
01/28/2022,17,HB_HOUSTON,25.44
01/28/2022,17,HB_NORTH,25.34
01/28/2022,17,HB_SOUTH,23.92
01/28/2022,17,HB_WEST,25.15
01/28/2022,18,HB_HOUSTON,45.06
01/28/2022,18,HB_NORTH,45.16
01/28/2022,18,HB_SOUTH,44.89
01/28/2022,18,HB_WEST,45.36
01/28/2022,19,HB_HOUSTON,81.04
01/28/2022,19,HB_NORTH,81.12
01/28/2022,19,HB_SOUTH,80.85
01/28/2022,19,HB_WEST,81.3
01/28/2022,20,HB_HOUSTON,48.56
01/28/2022,20,HB_NORTH,48.74
01/28/2022,20,HB_SOUTH,48.12
01/28/2022,20,HB_WEST,48.99
01/28/2022,21,HB_HOUSTON,47.37
01/28/2022,21,HB_NORTH,47.49
01/28/2022,21,HB_SOUTH,47.01
01/28/2022,21,HB_WEST,47.68
01/28/2022,22,HB_HOUSTON,45.2
01/28/2022,22,HB_NORTH,45.25
01/28/2022,22,HB_SOUTH,44.9
01/28/2022,22,HB_WEST,45.34
01/28/2022,23,HB_HOUSTON,40.67
01/28/2022,23,HB_NORTH,40.62
01/28/2022,23,HB_SOUTH,40.6
01/28/2022,23,HB_WEST,40.78
01/28/2022,24,HB_HOUSTON,32.89
01/28/2022,24,HB_NORTH,32.84
01/28/2022,24,HB_SOUTH,32.78
01/28/2022,24,HB_WEST,32.94
01/29/2022,1,HB_HOUSTON,41.81
01/29/2022,1,HB_NORTH,41.74
01/29/2022,1,HB_SOUTH,40.89
01/29/2022,1,HB_WEST,42.02
01/29/2022,2,HB_HOUSTON,37.27
01/29/2022,2,HB_NORTH,37.16
01/29/2022,2,HB_SOUTH,36.73
01/29/2022,2,HB_WEST,37.52
01/29/2022,3,HB_HOUSTON,34.93
01/29/2022,3,HB_NORTH,34.84
01/29/2022,3,HB_SOUTH,34.58
01/29/2022,3,HB_WEST,35
01/29/2022,4,HB_HOUSTON,32.96
01/29/2022,4,HB_NORTH,32.84
01/29/2022,4,HB_SOUTH,32.8
01/29/2022,4,HB_WEST,32.47
01/29/2022,5,HB_HOUSTON,35.93
01/29/2022,5,HB_NORTH,35.78
01/29/2022,5,HB_SOUTH,35.51
01/29/2022,5,HB_WEST,35.1
01/29/2022,6,HB_HOUSTON,45.5
01/29/2022,6,HB_NORTH,45.22
01/29/2022,6,HB_SOUTH,44.48
01/29/2022,6,HB_WEST,41.77
01/29/2022,7,HB_HOUSTON,59.46
01/29/2022,7,HB_NORTH,58.98
01/29/2022,7,HB_SOUTH,58.06
01/29/2022,7,HB_WEST,52.05
01/29/2022,8,HB_HOUSTON,67.17
01/29/2022,8,HB_NORTH,66.71
01/29/2022,8,HB_SOUTH,65.46
01/29/2022,8,HB_WEST,59.01
01/29/2022,9,HB_HOUSTON,56.48
01/29/2022,9,HB_NORTH,55.99
01/29/2022,9,HB_SOUTH,55.85
01/29/2022,9,HB_WEST,51.67
01/29/2022,10,HB_HOUSTON,44.37
01/29/2022,10,HB_NORTH,43.88
01/29/2022,10,HB_SOUTH,44.15
01/29/2022,10,HB_WEST,40
01/29/2022,11,HB_HOUSTON,37.21
01/29/2022,11,HB_NORTH,36.8
01/29/2022,11,HB_SOUTH,37.51
01/29/2022,11,HB_WEST,35.84
01/29/2022,12,HB_HOUSTON,33.33
01/29/2022,12,HB_NORTH,33.07
01/29/2022,12,HB_SOUTH,33.5
01/29/2022,12,HB_WEST,32.21
01/29/2022,13,HB_HOUSTON,32.28
01/29/2022,13,HB_NORTH,32.05
01/29/2022,13,HB_SOUTH,32.38
01/29/2022,13,HB_WEST,31.32
01/29/2022,14,HB_HOUSTON,29.23
01/29/2022,14,HB_NORTH,29.03
01/29/2022,14,HB_SOUTH,29.41
01/29/2022,14,HB_WEST,28.28
01/29/2022,15,HB_HOUSTON,27.48
01/29/2022,15,HB_NORTH,27.27
01/29/2022,15,HB_SOUTH,27.66
01/29/2022,15,HB_WEST,26.62
01/29/2022,16,HB_HOUSTON,27.32
01/29/2022,16,HB_NORTH,27.1
01/29/2022,16,HB_SOUTH,27.46
01/29/2022,16,HB_WEST,26.5
01/29/2022,17,HB_HOUSTON,30.74
01/29/2022,17,HB_NORTH,30.67
01/29/2022,17,HB_SOUTH,30.86
01/29/2022,17,HB_WEST,30.6
01/29/2022,18,HB_HOUSTON,65.77
01/29/2022,18,HB_NORTH,65.76
01/29/2022,18,HB_SOUTH,66.26
01/29/2022,18,HB_WEST,65.77
01/29/2022,19,HB_HOUSTON,72.38
01/29/2022,19,HB_NORTH,72.4
01/29/2022,19,HB_SOUTH,72.36
01/29/2022,19,HB_WEST,72.36
01/29/2022,20,HB_HOUSTON,43.22
01/29/2022,20,HB_NORTH,43.22
01/29/2022,20,HB_SOUTH,43.2
01/29/2022,20,HB_WEST,43.16
01/29/2022,21,HB_HOUSTON,33.91
01/29/2022,21,HB_NORTH,33.83
01/29/2022,21,HB_SOUTH,33.54
01/29/2022,21,HB_WEST,32.14
01/29/2022,22,HB_HOUSTON,33.47
01/29/2022,22,HB_NORTH,33.03
01/29/2022,22,HB_SOUTH,31.86
01/29/2022,22,HB_WEST,25.07
01/29/2022,23,HB_HOUSTON,31.93
01/29/2022,23,HB_NORTH,31.27
01/29/2022,23,HB_SOUTH,30.28
01/29/2022,23,HB_WEST,21.14
01/29/2022,24,HB_HOUSTON,28.05
01/29/2022,24,HB_NORTH,27.2
01/29/2022,24,HB_SOUTH,25.59
01/29/2022,24,HB_WEST,13.73
01/30/2022,1,HB_HOUSTON,28.26
01/30/2022,1,HB_NORTH,27.56
01/30/2022,1,HB_SOUTH,26
01/30/2022,1,HB_WEST,13.35
01/30/2022,2,HB_HOUSTON,27.52
01/30/2022,2,HB_NORTH,26.74
01/30/2022,2,HB_SOUTH,24.97
01/30/2022,2,HB_WEST,12.5
01/30/2022,3,HB_HOUSTON,28.84
01/30/2022,3,HB_NORTH,28.19
01/30/2022,3,HB_SOUTH,26.75
01/30/2022,3,HB_WEST,15.82
01/30/2022,4,HB_HOUSTON,31.49
01/30/2022,4,HB_NORTH,31.26
01/30/2022,4,HB_SOUTH,30.82
01/30/2022,4,HB_WEST,25.01
01/30/2022,5,HB_HOUSTON,33.88
01/30/2022,5,HB_NORTH,33.67
01/30/2022,5,HB_SOUTH,33.46
01/30/2022,5,HB_WEST,30.53
01/30/2022,6,HB_HOUSTON,36.31
01/30/2022,6,HB_NORTH,36.18
01/30/2022,6,HB_SOUTH,36.01
01/30/2022,6,HB_WEST,34.16
01/30/2022,7,HB_HOUSTON,50.58
01/30/2022,7,HB_NORTH,50.43
01/30/2022,7,HB_SOUTH,50.48
01/30/2022,7,HB_WEST,49.18
01/30/2022,8,HB_HOUSTON,67.5
01/30/2022,8,HB_NORTH,67.47
01/30/2022,8,HB_SOUTH,68.02
01/30/2022,8,HB_WEST,66.66
01/30/2022,9,HB_HOUSTON,63.81
01/30/2022,9,HB_NORTH,63.66
01/30/2022,9,HB_SOUTH,63.84
01/30/2022,9,HB_WEST,63.34
01/30/2022,10,HB_HOUSTON,45.1
01/30/2022,10,HB_NORTH,45
01/30/2022,10,HB_SOUTH,45.24
01/30/2022,10,HB_WEST,44.97
01/30/2022,11,HB_HOUSTON,40.73
01/30/2022,11,HB_NORTH,40.72
01/30/2022,11,HB_SOUTH,40.94
01/30/2022,11,HB_WEST,40.72
01/30/2022,12,HB_HOUSTON,33.52
01/30/2022,12,HB_NORTH,33.52
01/30/2022,12,HB_SOUTH,33.52
01/30/2022,12,HB_WEST,33.52
01/30/2022,13,HB_HOUSTON,33.61
01/30/2022,13,HB_NORTH,33.61
01/30/2022,13,HB_SOUTH,33.61
01/30/2022,13,HB_WEST,33.61
01/30/2022,14,HB_HOUSTON,29.59
01/30/2022,14,HB_NORTH,29.59
01/30/2022,14,HB_SOUTH,29.59
01/30/2022,14,HB_WEST,29.59
01/30/2022,15,HB_HOUSTON,27.3
01/30/2022,15,HB_NORTH,27.3
01/30/2022,15,HB_SOUTH,27.3
01/30/2022,15,HB_WEST,27.3
01/30/2022,16,HB_HOUSTON,27.28
01/30/2022,16,HB_NORTH,27.31
01/30/2022,16,HB_SOUTH,27.21
01/30/2022,16,HB_WEST,27.32
01/30/2022,17,HB_HOUSTON,29.48
01/30/2022,17,HB_NORTH,29.56
01/30/2022,17,HB_SOUTH,29.23
01/30/2022,17,HB_WEST,29.55
01/30/2022,18,HB_HOUSTON,53.24
01/30/2022,18,HB_NORTH,53.4
01/30/2022,18,HB_SOUTH,52.45
01/30/2022,18,HB_WEST,53.41
01/30/2022,19,HB_HOUSTON,55.75
01/30/2022,19,HB_NORTH,56.5
01/30/2022,19,HB_SOUTH,53.95
01/30/2022,19,HB_WEST,56.44
01/30/2022,20,HB_HOUSTON,41.13
01/30/2022,20,HB_NORTH,41.99
01/30/2022,20,HB_SOUTH,39.02
01/30/2022,20,HB_WEST,41.88
01/30/2022,21,HB_HOUSTON,38.12
01/30/2022,21,HB_NORTH,38.87
01/30/2022,21,HB_SOUTH,36.09
01/30/2022,21,HB_WEST,38.83
01/30/2022,22,HB_HOUSTON,32.49
01/30/2022,22,HB_NORTH,33.11
01/30/2022,22,HB_SOUTH,30.72
01/30/2022,22,HB_WEST,33.19
01/30/2022,23,HB_HOUSTON,31.74
01/30/2022,23,HB_NORTH,32.17
01/30/2022,23,HB_SOUTH,30.38
01/30/2022,23,HB_WEST,32.33
01/30/2022,24,HB_HOUSTON,28.09
01/30/2022,24,HB_NORTH,28.69
01/30/2022,24,HB_SOUTH,26.4
01/30/2022,24,HB_WEST,28.9
01/31/2022,1,HB_HOUSTON,25.77
01/31/2022,1,HB_NORTH,26.46
01/31/2022,1,HB_SOUTH,23.71
01/31/2022,1,HB_WEST,26.73
01/31/2022,2,HB_HOUSTON,21.27
01/31/2022,2,HB_NORTH,22
01/31/2022,2,HB_SOUTH,19.11
01/31/2022,2,HB_WEST,22.29
01/31/2022,3,HB_HOUSTON,22.18
01/31/2022,3,HB_NORTH,22.95
01/31/2022,3,HB_SOUTH,20.28
01/31/2022,3,HB_WEST,23.25
01/31/2022,4,HB_HOUSTON,27.03
01/31/2022,4,HB_NORTH,27.68
01/31/2022,4,HB_SOUTH,25.2
01/31/2022,4,HB_WEST,27.96
01/31/2022,5,HB_HOUSTON,30.57
01/31/2022,5,HB_NORTH,31.19
01/31/2022,5,HB_SOUTH,28.88
01/31/2022,5,HB_WEST,31.49
01/31/2022,6,HB_HOUSTON,40.7
01/31/2022,6,HB_NORTH,41.56
01/31/2022,6,HB_SOUTH,40.01
01/31/2022,6,HB_WEST,41.65
01/31/2022,7,HB_HOUSTON,56.91
01/31/2022,7,HB_NORTH,56.86
01/31/2022,7,HB_SOUTH,56.43
01/31/2022,7,HB_WEST,56.96
01/31/2022,8,HB_HOUSTON,71.49
01/31/2022,8,HB_NORTH,71.03
01/31/2022,8,HB_SOUTH,70.87
01/31/2022,8,HB_WEST,71.51
01/31/2022,9,HB_HOUSTON,59.97
01/31/2022,9,HB_NORTH,59.54
01/31/2022,9,HB_SOUTH,59.4
01/31/2022,9,HB_WEST,60.05
01/31/2022,10,HB_HOUSTON,43.75
01/31/2022,10,HB_NORTH,43.38
01/31/2022,10,HB_SOUTH,43.57
01/31/2022,10,HB_WEST,43.77
01/31/2022,11,HB_HOUSTON,40.02
01/31/2022,11,HB_NORTH,39.56
01/31/2022,11,HB_SOUTH,39.91
01/31/2022,11,HB_WEST,40
01/31/2022,12,HB_HOUSTON,36.41
01/31/2022,12,HB_NORTH,36.02
01/31/2022,12,HB_SOUTH,36.26
01/31/2022,12,HB_WEST,36.39
01/31/2022,13,HB_HOUSTON,34.5
01/31/2022,13,HB_NORTH,34.09
01/31/2022,13,HB_SOUTH,34.26
01/31/2022,13,HB_WEST,34.49
01/31/2022,14,HB_HOUSTON,31.07
01/31/2022,14,HB_NORTH,30.74
01/31/2022,14,HB_SOUTH,30.67
01/31/2022,14,HB_WEST,31.09
01/31/2022,15,HB_HOUSTON,29.54
01/31/2022,15,HB_NORTH,29.15
01/31/2022,15,HB_SOUTH,29.08
01/31/2022,15,HB_WEST,29.19
01/31/2022,16,HB_HOUSTON,29.47
01/31/2022,16,HB_NORTH,28.99
01/31/2022,16,HB_SOUTH,29.06
01/31/2022,16,HB_WEST,29.11
01/31/2022,17,HB_HOUSTON,30.68
01/31/2022,17,HB_NORTH,30.29
01/31/2022,17,HB_SOUTH,30.47
01/31/2022,17,HB_WEST,30.5
01/31/2022,18,HB_HOUSTON,82.05
01/31/2022,18,HB_NORTH,81.55
01/31/2022,18,HB_SOUTH,81.89
01/31/2022,18,HB_WEST,82
01/31/2022,19,HB_HOUSTON,72.24
01/31/2022,19,HB_NORTH,72.02
01/31/2022,19,HB_SOUTH,72.24
01/31/2022,19,HB_WEST,72.14
01/31/2022,20,HB_HOUSTON,38.76
01/31/2022,20,HB_NORTH,38.55
01/31/2022,20,HB_SOUTH,38.61
01/31/2022,20,HB_WEST,37.83
01/31/2022,21,HB_HOUSTON,37.01
01/31/2022,21,HB_NORTH,36.38
01/31/2022,21,HB_SOUTH,36.64
01/31/2022,21,HB_WEST,34.14
01/31/2022,22,HB_HOUSTON,32.93
01/31/2022,22,HB_NORTH,31.88
01/31/2022,22,HB_SOUTH,31.94
01/31/2022,22,HB_WEST,23.82
01/31/2022,23,HB_HOUSTON,28.83
01/31/2022,23,HB_NORTH,27.95
01/31/2022,23,HB_SOUTH,27.86
01/31/2022,23,HB_WEST,12.98
01/31/2022,24,HB_HOUSTON,26.45
01/31/2022,24,HB_NORTH,25.05
01/31/2022,24,HB_SOUTH,23.67
01/31/2022,24,HB_WEST,7.29
